seed,fold,draw_event_id,draw_key,date,neural_best_hits,frequency_best_hits,recency_best_hits,recent_window_best_hits,blend_best_hits,uniform_random_mean_best_hits
1462026,1,2023-8-1,2023-8,,2,1,2,1,2,1.9
1462026,1,2023-9-1,2023-9,,3,2,2,1,2,2.0
1462026,1,2023-10-1,2023-10,,2,3,1,3,3,2.2
1462026,1,2023-11-1,2023-11,,2,3,2,2,2,1.9
1462026,1,2023-12-1,2023-12,,2,2,2,3,2,2.2
1462026,1,2023-13-1,2023-13,,3,1,1,2,2,2.1
1462026,1,2023-14-1,2023-14,,2,2,2,2,2,2.1
1462026,1,2023-15-1,2023-15,,3,2,3,1,2,2.2
1462026,1,2023-16-1,2023-16,,1,2,2,2,2,2.2
1462026,1,2023-17-1,2023-17,,4,3,2,2,3,2.0
1462026,1,2023-18-1,2023-18,,3,3,3,3,3,2.3
1462026,1,2023-19-1,2023-19,,2,3,2,1,2,2.1
1462026,1,2023-20-1,2023-20,,2,2,2,1,2,2.0
1462026,1,2023-21-1,2023-21,,2,1,1,2,2,2.2
1462026,1,2023-22-1,2023-22,,2,2,4,2,2,2.1
1462026,1,2023-23-1,2023-23,,1,2,2,2,1,2.1
1462026,1,2023-24-1,2023-24,,2,2,2,1,1,2.6
1462026,1,2023-25-1,2023-25,,4,2,4,1,2,2.3
1462026,1,2023-26-1,2023-26,,1,2,2,2,2,1.5
1462026,1,2023-27-1,2023-27,,2,2,3,2,2,2.3
1462026,1,2023-28-1,2023-28,,3,1,2,1,1,2.1
1462026,1,2023-29-1,2023-29,,2,2,2,2,2,2.0
1462026,1,2023-30-1,2023-30,,2,2,2,2,2,2.1
1462026,1,2023-31-1,2023-31,,2,2,2,2,1,2.1
1462026,1,2023-32-1,2023-32,,1,2,4,2,4,2.2
1462026,1,2023-33-1,2023-33,,2,3,1,2,2,2.1
1462026,1,2023-34-1,2023-34,,2,2,2,2,3,2.1
1462026,1,2023-35-1,2023-35,,1,2,2,3,2,2.3
1462026,1,2023-36-1,2023-36,,1,3,2,2,2,2.2
1462026,1,2023-37-1,2023-37,,1,2,2,2,2,1.9
1462026,1,2023-38-1,2023-38,,2,2,2,3,1,1.8
1462026,1,2023-39-1,2023-39,,2,2,2,2,2,1.9
1462026,1,2023-40-1,2023-40,,2,2,1,2,1,2.1
1462026,1,2023-41-1,2023-41,,2,1,2,2,3,2.0
1462026,1,2023-42-1,2023-42,,2,1,2,2,1,2.3
1462026,1,2023-43-1,2023-43,,3,2,2,2,1,2.1
1462026,1,2023-44-1,2023-44,,3,2,3,2,2,2.7
1462026,1,2023-45-1,2023-45,,3,2,2,1,3,2.4
1462026,1,2023-46-1,2023-46,,1,2,2,3,3,2.0
1462026,1,2023-47-1,2023-47,,2,1,2,3,3,1.8
1462026,1,2023-48-1,2023-48,,2,1,1,2,1,2.0
1462026,1,2023-49-1,2023-49,,1,1,2,2,2,2.2
1462026,1,2023-50-1,2023-50,,3,2,2,2,3,2.3
1462026,1,2023-51-1,2023-51,,2,3,2,1,3,2.3
1462026,1,2023-52-1,2023-52,,2,2,2,1,2,1.9
1462026,1,2023-53-1,2023-53,,1,1,2,2,2,2.0
1462026,1,2023-54-1,2023-54,,1,3,2,2,2,2.3
1462026,1,2023-55-1,2023-55,,2,3,2,2,3,2.1
1462026,1,2023-56-1,2023-56,,3,2,3,2,1,2.0
1462026,1,2023-57-1,2023-57,,2,3,2,1,2,2.2
1462026,1,2023-58-1,2023-58,,2,2,1,1,2,2.0
1462026,1,2023-59-1,2023-59,,2,2,1,2,2,2.1
1462026,1,2023-60-1,2023-60,,2,2,2,2,3,2.2
1462026,1,2023-61-1,2023-61,,2,3,2,2,3,2.3
1462026,1,2023-62-1,2023-62,,2,2,2,2,2,2.0
1462026,1,2023-63-1,2023-63,,2,1,2,2,1,2.1
1462026,1,2023-64-1,2023-64,,2,4,2,2,3,1.9
1462026,1,2023-65-1,2023-65,,2,1,1,2,1,1.9
1462026,1,2023-66-1,2023-66,,2,1,2,2,2,1.9
1462026,1,2023-67-1,2023-67,,2,3,2,2,2,1.9
1462026,1,2023-68-1,2023-68,,3,2,2,2,1,2.2
1462026,1,2023-69-1,2023-69,,2,1,1,2,1,2.2
1462026,1,2023-70-1,2023-70,,3,2,2,2,2,1.8
1462026,1,2023-71-1,2023-71,,3,2,2,2,2,2.1
1462026,1,2023-72-1,2023-72,,2,2,3,2,3,2.3
1462026,1,2023-73-1,2023-73,,2,2,2,1,3,1.9
1462026,1,2023-74-1,2023-74,,1,2,2,2,3,2.0
1462026,1,2023-75-1,2023-75,,1,2,1,2,2,2.3
1462026,1,2023-76-1,2023-76,,2,2,1,2,2,2.1
1462026,1,2023-77-1,2023-77,,2,1,2,1,2,2.5
1462026,1,2023-78-1,2023-78,,3,2,3,2,3,2.1
1462026,1,2023-79-1,2023-79,,2,2,2,3,2,1.9
1462026,1,2023-80-1,2023-80,,2,3,2,2,3,2.0
1462026,1,2023-81-1,2023-81,,2,1,3,3,2,2.3
1462026,1,2023-82-1,2023-82,,2,2,3,3,3,2.1
1462026,1,2023-83-1,2023-83,,3,2,2,1,2,2.0
1462026,1,2023-84-1,2023-84,,2,2,1,2,2,2.3
1462026,1,2023-85-1,2023-85,,1,3,2,2,2,2.0
1462026,1,2023-86-1,2023-86,,2,1,1,2,2,1.9
1462026,1,2023-87-1,2023-87,,1,2,3,2,2,2.1
1462026,1,2023-88-1,2023-88,,1,3,1,2,1,2.3
1462026,1,2023-89-1,2023-89,,2,1,2,2,3,1.8
1462026,1,2023-90-1,2023-90,,2,3,1,2,2,1.8
1462026,1,2023-91-1,2023-91,,2,1,2,1,2,2.0
1462026,1,2023-92-1,2023-92,,2,1,2,2,4,2.5
1462026,1,2023-93-1,2023-93,,2,2,1,2,2,2.1
1462026,1,2023-94-1,2023-94,,2,2,2,1,2,2.1
1462026,1,2023-95-1,2023-95,,2,2,2,3,2,2.2
1462026,1,2023-96-1,2023-96,,2,1,1,1,2,2.0
1462026,1,2023-97-1,2023-97,,3,3,3,2,2,1.9
1462026,1,2023-98-1,2023-98,,2,1,2,2,1,2.6
1462026,1,2023-99-1,2023-99,,1,2,1,2,3,2.4
1462026,1,2023-100-1,2023-100,,2,2,2,2,1,1.8
1462026,1,2023-101-1,2023-101,,3,3,2,3,2,2.1
1462026,1,2023-102-1,2023-102,,2,2,2,2,2,2.2
1462026,1,2023-103-1,2023-103,,2,1,2,2,2,2.3
1462026,1,2023-104-1,2023-104,,2,2,3,2,2,2.4
1462026,1,2024-1-1,2024-1,,1,2,1,3,1,1.6
1462026,1,2024-2-1,2024-2,,2,2,2,2,2,2.2
1462026,1,2024-3-1,2024-3,,2,2,2,3,2,2.3
1462026,1,2024-4-1,2024-4,,2,2,2,3,2,2.0
1462026,1,2024-5-1,2024-5,,1,2,2,1,2,1.9
1462026,1,2024-6-1,2024-6,,3,1,3,2,2,2.3
1462026,1,2024-7-1,2024-7,,2,2,2,1,2,2.4
1462026,1,2024-8-1,2024-8,,2,2,2,1,2,1.8
1462026,1,2024-9-1,2024-9,,1,2,2,3,1,2.4
1462026,1,2024-10-1,2024-10,,2,2,1,2,3,2.3
1462026,1,2024-11-1,2024-11,,2,2,1,2,2,2.2
1462026,1,2024-12-1,2024-12,,2,1,2,2,1,2.2
1462026,1,2024-13-1,2024-13,,2,3,3,3,2,2.3
1462026,1,2024-14-1,2024-14,,1,1,2,2,2,2.1
1462026,1,2024-15-1,2024-15,,2,2,2,1,2,2.0
1462026,1,2024-16-1,2024-16,,2,3,3,1,3,1.8
1462026,1,2024-17-1,2024-17,,2,3,2,3,2,1.7
1462026,1,2024-18-1,2024-18,,2,4,2,2,2,1.9
1462026,1,2024-19-1,2024-19,,3,2,2,2,2,2.6
1462026,1,2024-20-1,2024-20,,2,3,2,1,2,2.0
1462026,1,2024-21-1,2024-21,,2,2,2,1,3,2.0
1462026,1,2024-22-1,2024-22,,2,2,3,1,2,2.0
1462026,1,2024-23-1,2024-23,,3,2,3,2,2,2.2
1462027,1,2023-8-1,2023-8,,1,2,2,2,2,2.1
1462027,1,2023-9-1,2023-9,,2,2,1,2,2,2.1
1462027,1,2023-10-1,2023-10,,3,2,2,3,3,2.0
1462027,1,2023-11-1,2023-11,,2,1,2,2,2,1.9
1462027,1,2023-12-1,2023-12,,2,2,2,2,2,2.0
1462027,1,2023-13-1,2023-13,,1,2,1,2,1,2.0
1462027,1,2023-14-1,2023-14,,2,2,2,3,2,1.8
1462027,1,2023-15-1,2023-15,,2,1,2,2,2,2.4
1462027,1,2023-16-1,2023-16,,2,3,2,2,2,2.3
1462027,1,2023-17-1,2023-17,,2,3,2,2,2,2.1
1462027,1,2023-18-1,2023-18,,3,2,2,3,3,1.7
1462027,1,2023-19-1,2023-19,,2,2,2,2,2,2.2
1462027,1,2023-20-1,2023-20,,3,2,3,2,1,2.4
1462027,1,2023-21-1,2023-21,,2,3,1,3,2,2.1
1462027,1,2023-22-1,2023-22,,2,1,2,2,1,1.8
1462027,1,2023-23-1,2023-23,,2,1,2,1,2,2.2
1462027,1,2023-24-1,2023-24,,2,3,1,2,3,2.4
1462027,1,2023-25-1,2023-25,,2,2,2,2,1,2.0
1462027,1,2023-26-1,2023-26,,2,1,2,2,2,2.2
1462027,1,2023-27-1,2023-27,,2,2,2,2,2,1.7
1462027,1,2023-28-1,2023-28,,1,3,2,1,2,2.1
1462027,1,2023-29-1,2023-29,,1,2,2,1,1,2.2
1462027,1,2023-30-1,2023-30,,2,2,3,2,4,2.0
1462027,1,2023-31-1,2023-31,,2,2,1,1,2,1.7
1462027,1,2023-32-1,2023-32,,1,2,2,2,2,2.0
1462027,1,2023-33-1,2023-33,,2,2,1,1,2,1.8
1462027,1,2023-34-1,2023-34,,2,3,2,3,2,2.1
1462027,1,2023-35-1,2023-35,,2,2,2,3,2,2.0
1462027,1,2023-36-1,2023-36,,3,2,1,1,2,2.1
1462027,1,2023-37-1,2023-37,,1,2,2,2,3,2.1
1462027,1,2023-38-1,2023-38,,2,2,2,3,2,1.8
1462027,1,2023-39-1,2023-39,,2,3,2,2,2,2.3
1462027,1,2023-40-1,2023-40,,1,1,1,1,1,2.1
1462027,1,2023-41-1,2023-41,,2,3,2,2,2,2.0
1462027,1,2023-42-1,2023-42,,2,2,2,1,1,1.8
1462027,1,2023-43-1,2023-43,,2,1,2,1,2,2.2
1462027,1,2023-44-1,2023-44,,2,3,2,1,2,2.4
1462027,1,2023-45-1,2023-45,,2,1,3,3,2,2.0
1462027,1,2023-46-1,2023-46,,2,2,2,2,3,2.1
1462027,1,2023-47-1,2023-47,,1,2,2,2,2,2.4
1462027,1,2023-48-1,2023-48,,3,1,1,1,2,1.9
1462027,1,2023-49-1,2023-49,,3,3,2,2,2,2.2
1462027,1,2023-50-1,2023-50,,2,2,2,2,3,1.8
1462027,1,2023-51-1,2023-51,,2,2,2,2,2,2.1
1462027,1,2023-52-1,2023-52,,1,2,3,2,3,2.0
1462027,1,2023-53-1,2023-53,,2,2,3,2,2,2.4
1462027,1,2023-54-1,2023-54,,2,2,2,3,2,2.3
1462027,1,2023-55-1,2023-55,,3,2,1,1,2,2.0
1462027,1,2023-56-1,2023-56,,3,2,3,2,2,2.2
1462027,1,2023-57-1,2023-57,,2,2,3,2,2,1.9
1462027,1,2023-58-1,2023-58,,3,2,1,2,2,1.8
1462027,1,2023-59-1,2023-59,,2,3,3,3,2,2.2
1462027,1,2023-60-1,2023-60,,1,3,2,1,2,2.1
1462027,1,2023-61-1,2023-61,,2,3,2,2,3,2.0
1462027,1,2023-62-1,2023-62,,2,2,3,2,3,2.2
1462027,1,2023-63-1,2023-63,,3,1,2,1,2,2.0
1462027,1,2023-64-1,2023-64,,2,2,2,3,3,2.1
1462027,1,2023-65-1,2023-65,,2,2,2,1,1,2.4
1462027,1,2023-66-1,2023-66,,2,2,3,1,3,2.3
1462027,1,2023-67-1,2023-67,,2,2,2,2,2,1.8
1462027,1,2023-68-1,2023-68,,3,1,3,2,1,1.9
1462027,1,2023-69-1,2023-69,,2,1,1,3,2,2.0
1462027,1,2023-70-1,2023-70,,1,2,2,2,3,2.2
1462027,1,2023-71-1,2023-71,,2,2,2,2,3,1.8
1462027,1,2023-72-1,2023-72,,3,2,2,3,2,2.4
1462027,1,2023-73-1,2023-73,,2,2,2,2,3,2.3
1462027,1,2023-74-1,2023-74,,2,2,2,3,1,2.0
1462027,1,2023-75-1,2023-75,,2,2,1,1,3,2.2
1462027,1,2023-76-1,2023-76,,1,2,2,1,2,2.3
1462027,1,2023-77-1,2023-77,,2,1,2,2,2,2.1
1462027,1,2023-78-1,2023-78,,1,2,2,3,2,2.1
1462027,1,2023-79-1,2023-79,,2,2,1,3,2,1.8
1462027,1,2023-80-1,2023-80,,2,2,2,1,2,2.2
1462027,1,2023-81-1,2023-81,,3,1,3,2,2,2.0
1462027,1,2023-82-1,2023-82,,2,2,3,2,2,2.0
1462027,1,2023-83-1,2023-83,,1,1,2,2,2,2.1
1462027,1,2023-84-1,2023-84,,3,3,1,2,1,2.2
1462027,1,2023-85-1,2023-85,,1,2,2,2,2,1.8
1462027,1,2023-86-1,2023-86,,3,1,2,2,1,2.1
1462027,1,2023-87-1,2023-87,,2,1,2,2,4,2.0
1462027,1,2023-88-1,2023-88,,2,2,2,2,2,2.4
1462027,1,2023-89-1,2023-89,,2,2,2,2,3,2.2
1462027,1,2023-90-1,2023-90,,3,2,1,1,2,2.2
1462027,1,2023-91-1,2023-91,,3,2,1,2,1,2.1
1462027,1,2023-92-1,2023-92,,2,2,2,2,2,1.9
1462027,1,2023-93-1,2023-93,,3,2,2,2,2,2.3
1462027,1,2023-94-1,2023-94,,2,2,2,2,2,1.9
1462027,1,2023-95-1,2023-95,,1,2,2,3,2,2.2
1462027,1,2023-96-1,2023-96,,2,2,2,2,2,1.9
1462027,1,2023-97-1,2023-97,,2,2,2,3,2,2.1
1462027,1,2023-98-1,2023-98,,2,1,2,3,1,2.1
1462027,1,2023-99-1,2023-99,,2,1,1,2,2,1.8
1462027,1,2023-100-1,2023-100,,1,2,2,3,1,2.1
1462027,1,2023-101-1,2023-101,,2,1,2,3,2,1.8
1462027,1,2023-102-1,2023-102,,3,2,3,2,2,1.9
1462027,1,2023-103-1,2023-103,,2,1,2,3,2,2.3
1462027,1,2023-104-1,2023-104,,2,2,3,2,2,1.9
1462027,1,2024-1-1,2024-1,,2,2,3,2,1,2.2
1462027,1,2024-2-1,2024-2,,2,2,3,2,3,1.8
1462027,1,2024-3-1,2024-3,,2,2,2,2,2,2.3
1462027,1,2024-4-1,2024-4,,2,2,3,1,3,2.1
1462027,1,2024-5-1,2024-5,,2,1,2,3,1,1.9
1462027,1,2024-6-1,2024-6,,2,2,2,2,2,2.1
1462027,1,2024-7-1,2024-7,,1,1,1,2,2,2.2
1462027,1,2024-8-1,2024-8,,2,2,3,2,2,2.3
1462027,1,2024-9-1,2024-9,,1,2,2,2,2,2.0
1462027,1,2024-10-1,2024-10,,2,2,3,2,3,2.3
1462027,1,2024-11-1,2024-11,,3,2,2,1,2,2.0
1462027,1,2024-12-1,2024-12,,2,2,3,3,3,2.3
1462027,1,2024-13-1,2024-13,,3,1,3,3,2,2.0
1462027,1,2024-14-1,2024-14,,2,1,3,2,2,2.0
1462027,1,2024-15-1,2024-15,,3,2,1,2,1,1.9
1462027,1,2024-16-1,2024-16,,2,2,3,3,3,1.9
1462027,1,2024-17-1,2024-17,,3,1,2,3,1,2.0
1462027,1,2024-18-1,2024-18,,2,1,2,1,1,2.0
1462027,1,2024-19-1,2024-19,,2,3,2,2,2,2.2
1462027,1,2024-20-1,2024-20,,2,2,3,3,4,1.9
1462027,1,2024-21-1,2024-21,,2,2,2,1,2,2.0
1462027,1,2024-22-1,2024-22,,1,2,2,2,1,2.1
1462027,1,2024-23-1,2024-23,,2,1,2,3,2,1.7
1462028,1,2023-8-1,2023-8,,2,2,2,3,2,2.0
1462028,1,2023-9-1,2023-9,,2,3,2,1,2,2.1
1462028,1,2023-10-1,2023-10,,2,2,1,2,2,2.0
1462028,1,2023-11-1,2023-11,,3,1,2,2,2,1.7
1462028,1,2023-12-1,2023-12,,1,4,2,2,2,1.9
1462028,1,2023-13-1,2023-13,,2,2,2,4,2,1.9
1462028,1,2023-14-1,2023-14,,3,2,2,1,2,2.1
1462028,1,2023-15-1,2023-15,,2,2,3,2,1,2.0
1462028,1,2023-16-1,2023-16,,2,1,1,1,2,2.4
1462028,1,2023-17-1,2023-17,,2,3,3,2,2,2.1
1462028,1,2023-18-1,2023-18,,1,2,2,2,2,2.1
1462028,1,2023-19-1,2023-19,,2,2,2,2,2,1.8
1462028,1,2023-20-1,2023-20,,2,2,2,3,4,2.0
1462028,1,2023-21-1,2023-21,,3,1,2,3,3,2.0
1462028,1,2023-22-1,2023-22,,2,1,2,2,2,1.9
1462028,1,2023-23-1,2023-23,,3,1,1,3,2,1.7
1462028,1,2023-24-1,2023-24,,2,2,2,2,3,2.3
1462028,1,2023-25-1,2023-25,,2,3,1,2,2,2.4
1462028,1,2023-26-1,2023-26,,2,2,3,2,2,2.1
1462028,1,2023-27-1,2023-27,,2,2,2,3,2,2.3
1462028,1,2023-28-1,2023-28,,2,2,2,2,2,2.4
1462028,1,2023-29-1,2023-29,,1,1,2,2,2,2.1
1462028,1,2023-30-1,2023-30,,2,1,2,2,2,1.8
1462028,1,2023-31-1,2023-31,,2,3,2,2,3,2.2
1462028,1,2023-32-1,2023-32,,1,2,2,3,2,2.2
1462028,1,2023-33-1,2023-33,,3,1,2,2,2,2.2
1462028,1,2023-34-1,2023-34,,1,2,2,3,2,2.5
1462028,1,2023-35-1,2023-35,,3,2,3,2,2,1.8
1462028,1,2023-36-1,2023-36,,1,2,2,3,2,2.1
1462028,1,2023-37-1,2023-37,,2,2,1,3,2,1.7
1462028,1,2023-38-1,2023-38,,2,2,2,2,2,2.1
1462028,1,2023-39-1,2023-39,,2,3,2,2,2,2.3
1462028,1,2023-40-1,2023-40,,1,1,1,2,3,2.1
1462028,1,2023-41-1,2023-41,,1,1,2,2,1,2.0
1462028,1,2023-42-1,2023-42,,2,2,2,2,1,2.2
1462028,1,2023-43-1,2023-43,,3,2,1,2,1,2.1
1462028,1,2023-44-1,2023-44,,2,3,2,3,2,1.7
1462028,1,2023-45-1,2023-45,,3,2,3,2,2,1.7
1462028,1,2023-46-1,2023-46,,3,2,2,1,2,2.0
1462028,1,2023-47-1,2023-47,,2,3,3,2,2,2.3
1462028,1,2023-48-1,2023-48,,3,1,2,2,1,2.5
1462028,1,2023-49-1,2023-49,,2,3,1,3,1,1.9
1462028,1,2023-50-1,2023-50,,2,2,2,2,2,2.1
1462028,1,2023-51-1,2023-51,,2,2,2,2,2,1.9
1462028,1,2023-52-1,2023-52,,2,3,1,2,2,2.4
1462028,1,2023-53-1,2023-53,,1,2,1,3,1,2.4
1462028,1,2023-54-1,2023-54,,2,3,3,2,3,1.8
1462028,1,2023-55-1,2023-55,,2,1,2,2,2,2.0
1462028,1,2023-56-1,2023-56,,2,2,3,3,2,2.4
1462028,1,2023-57-1,2023-57,,2,2,2,2,2,2.3
1462028,1,2023-58-1,2023-58,,2,2,2,3,3,2.3
1462028,1,2023-59-1,2023-59,,2,2,2,3,2,2.3
1462028,1,2023-60-1,2023-60,,1,3,2,2,2,2.2
1462028,1,2023-61-1,2023-61,,2,3,2,3,3,2.3
1462028,1,2023-62-1,2023-62,,2,3,1,2,2,2.1
1462028,1,2023-63-1,2023-63,,1,2,1,2,1,2.2
1462028,1,2023-64-1,2023-64,,3,2,2,2,1,1.8
1462028,1,2023-65-1,2023-65,,3,3,1,2,1,2.2
1462028,1,2023-66-1,2023-66,,2,2,2,2,2,1.9
1462028,1,2023-67-1,2023-67,,1,3,2,2,3,2.2
1462028,1,2023-68-1,2023-68,,2,3,2,2,2,2.0
1462028,1,2023-69-1,2023-69,,2,3,2,2,2,1.9
1462028,1,2023-70-1,2023-70,,1,2,3,1,2,2.2
1462028,1,2023-71-1,2023-71,,2,4,1,3,3,2.1
1462028,1,2023-72-1,2023-72,,2,3,3,3,2,2.1
1462028,1,2023-73-1,2023-73,,1,3,2,2,2,2.0
1462028,1,2023-74-1,2023-74,,3,2,2,2,2,2.0
1462028,1,2023-75-1,2023-75,,2,2,3,2,2,2.1
1462028,1,2023-76-1,2023-76,,2,3,1,1,2,2.0
1462028,1,2023-77-1,2023-77,,3,1,1,1,2,1.8
1462028,1,2023-78-1,2023-78,,2,3,3,2,2,2.1
1462028,1,2023-79-1,2023-79,,1,2,2,2,2,2.1
1462028,1,2023-80-1,2023-80,,1,2,2,2,2,2.4
1462028,1,2023-81-1,2023-81,,3,2,2,2,3,1.8
1462028,1,2023-82-1,2023-82,,1,2,2,2,2,2.0
1462028,1,2023-83-1,2023-83,,2,1,2,2,2,2.0
1462028,1,2023-84-1,2023-84,,2,2,1,1,2,2.1
1462028,1,2023-85-1,2023-85,,2,1,2,2,2,2.4
1462028,1,2023-86-1,2023-86,,1,2,2,2,2,1.8
1462028,1,2023-87-1,2023-87,,2,3,2,1,2,2.0
1462028,1,2023-88-1,2023-88,,1,3,2,2,1,2.0
1462028,1,2023-89-1,2023-89,,1,2,3,2,3,1.9
1462028,1,2023-90-1,2023-90,,2,2,2,1,2,1.9
1462028,1,2023-91-1,2023-91,,2,2,2,2,2,2.1
1462028,1,2023-92-1,2023-92,,2,2,3,1,2,1.9
1462028,1,2023-93-1,2023-93,,2,1,1,2,2,2.1
1462028,1,2023-94-1,2023-94,,2,2,2,3,2,2.2
1462028,1,2023-95-1,2023-95,,2,2,3,3,3,2.3
1462028,1,2023-96-1,2023-96,,2,2,1,1,2,2.0
1462028,1,2023-97-1,2023-97,,2,2,2,3,2,2.1
1462028,1,2023-98-1,2023-98,,1,1,2,1,1,2.0
1462028,1,2023-99-1,2023-99,,3,3,1,3,2,2.2
1462028,1,2023-100-1,2023-100,,1,2,2,2,2,2.2
1462028,1,2023-101-1,2023-101,,3,3,3,1,2,2.1
1462028,1,2023-102-1,2023-102,,3,2,2,3,2,2.0
1462028,1,2023-103-1,2023-103,,3,2,2,3,2,2.2
1462028,1,2023-104-1,2023-104,,1,2,2,2,2,1.9
1462028,1,2024-1-1,2024-1,,3,2,2,2,2,2.3
1462028,1,2024-2-1,2024-2,,2,2,2,1,1,2.0
1462028,1,2024-3-1,2024-3,,3,2,2,3,2,2.1
1462028,1,2024-4-1,2024-4,,2,3,2,2,1,2.2
1462028,1,2024-5-1,2024-5,,2,2,1,2,2,2.0
1462028,1,2024-6-1,2024-6,,2,2,3,2,2,1.9
1462028,1,2024-7-1,2024-7,,1,1,1,1,2,2.2
1462028,1,2024-8-1,2024-8,,1,2,2,1,2,2.1
1462028,1,2024-9-1,2024-9,,1,1,3,3,2,2.0
1462028,1,2024-10-1,2024-10,,2,2,2,2,2,2.1
1462028,1,2024-11-1,2024-11,,1,2,2,2,2,2.1
1462028,1,2024-12-1,2024-12,,3,1,2,2,1,2.3
1462028,1,2024-13-1,2024-13,,3,3,2,2,2,1.8
1462028,1,2024-14-1,2024-14,,3,1,2,2,2,1.8
1462028,1,2024-15-1,2024-15,,2,2,2,2,2,2.3
1462028,1,2024-16-1,2024-16,,2,1,2,2,3,1.9
1462028,1,2024-17-1,2024-17,,2,3,3,3,2,2.1
1462028,1,2024-18-1,2024-18,,4,2,1,2,1,1.9
1462028,1,2024-19-1,2024-19,,2,2,2,2,1,2.1
1462028,1,2024-20-1,2024-20,,2,2,2,1,3,2.0
1462028,1,2024-21-1,2024-21,,2,3,2,1,2,2.1
1462028,1,2024-22-1,2024-22,,2,2,2,2,1,2.1
1462028,1,2024-23-1,2024-23,,3,2,2,3,2,2.1
1462029,1,2023-8-1,2023-8,,2,2,1,1,1,2.2
1462029,1,2023-9-1,2023-9,,1,2,3,2,2,2.3
1462029,1,2023-10-1,2023-10,,2,3,2,2,2,2.1
1462029,1,2023-11-1,2023-11,,1,2,2,2,2,2.3
1462029,1,2023-12-1,2023-12,,2,1,2,3,2,2.0
1462029,1,2023-13-1,2023-13,,2,2,2,2,2,2.2
1462029,1,2023-14-1,2023-14,,2,2,2,2,2,1.8
1462029,1,2023-15-1,2023-15,,3,3,3,2,2,2.0
1462029,1,2023-16-1,2023-16,,3,1,2,2,2,2.0
1462029,1,2023-17-1,2023-17,,3,2,2,3,4,2.3
1462029,1,2023-18-1,2023-18,,2,3,2,3,3,2.2
1462029,1,2023-19-1,2023-19,,3,2,2,2,2,1.9
1462029,1,2023-20-1,2023-20,,1,2,2,2,2,2.0
1462029,1,2023-21-1,2023-21,,1,2,2,2,1,2.2
1462029,1,2023-22-1,2023-22,,1,2,3,2,3,2.3
1462029,1,2023-23-1,2023-23,,2,2,1,2,2,2.2
1462029,1,2023-24-1,2023-24,,2,2,2,1,3,2.1
1462029,1,2023-25-1,2023-25,,2,2,2,2,1,2.1
1462029,1,2023-26-1,2023-26,,1,2,3,3,3,2.2
1462029,1,2023-27-1,2023-27,,3,1,1,3,2,2.3
1462029,1,2023-28-1,2023-28,,2,3,2,2,2,2.1
1462029,1,2023-29-1,2023-29,,2,2,3,2,2,2.2
1462029,1,2023-30-1,2023-30,,1,3,2,2,2,2.0
1462029,1,2023-31-1,2023-31,,2,3,1,3,2,1.9
1462029,1,2023-32-1,2023-32,,2,2,2,3,3,2.2
1462029,1,2023-33-1,2023-33,,2,2,1,1,2,1.9
1462029,1,2023-34-1,2023-34,,2,2,2,2,3,2.4
1462029,1,2023-35-1,2023-35,,4,3,3,2,3,2.3
1462029,1,2023-36-1,2023-36,,1,2,2,2,2,2.0
1462029,1,2023-37-1,2023-37,,2,2,3,2,3,2.3
1462029,1,2023-38-1,2023-38,,2,1,2,2,2,2.1
1462029,1,2023-39-1,2023-39,,2,4,2,2,1,1.7
1462029,1,2023-40-1,2023-40,,1,2,1,2,2,2.4
1462029,1,2023-41-1,2023-41,,2,2,2,2,3,1.9
1462029,1,2023-42-1,2023-42,,2,1,2,2,3,2.2
1462029,1,2023-43-1,2023-43,,2,1,2,3,2,2.3
1462029,1,2023-44-1,2023-44,,3,2,2,1,1,2.0
1462029,1,2023-45-1,2023-45,,3,2,3,3,2,2.1
1462029,1,2023-46-1,2023-46,,1,2,3,1,3,2.3
1462029,1,2023-47-1,2023-47,,1,2,3,2,1,2.0
1462029,1,2023-48-1,2023-48,,3,2,2,1,1,2.1
1462029,1,2023-49-1,2023-49,,2,2,2,2,1,1.9
1462029,1,2023-50-1,2023-50,,2,2,2,2,2,2.3
1462029,1,2023-51-1,2023-51,,2,3,1,1,2,2.3
1462029,1,2023-52-1,2023-52,,2,1,2,2,3,2.2
1462029,1,2023-53-1,2023-53,,1,2,3,3,1,2.0
1462029,1,2023-54-1,2023-54,,2,2,2,2,2,2.1
1462029,1,2023-55-1,2023-55,,3,2,1,2,2,1.9
1462029,1,2023-56-1,2023-56,,2,3,2,3,2,2.1
1462029,1,2023-57-1,2023-57,,2,2,2,2,3,1.7
1462029,1,2023-58-1,2023-58,,2,2,2,2,2,2.0
1462029,1,2023-59-1,2023-59,,3,2,2,2,2,2.2
1462029,1,2023-60-1,2023-60,,1,3,3,2,3,1.8
1462029,1,2023-61-1,2023-61,,2,2,3,2,3,1.9
1462029,1,2023-62-1,2023-62,,2,3,3,2,3,1.9
1462029,1,2023-63-1,2023-63,,2,2,2,1,1,2.0
1462029,1,2023-64-1,2023-64,,2,2,4,2,2,2.1
1462029,1,2023-65-1,2023-65,,2,2,2,2,2,2.1
1462029,1,2023-66-1,2023-66,,2,3,2,2,1,1.8
1462029,1,2023-67-1,2023-67,,2,2,2,2,2,2.1
1462029,1,2023-68-1,2023-68,,2,1,2,2,1,2.2
1462029,1,2023-69-1,2023-69,,2,2,2,2,2,2.2
1462029,1,2023-70-1,2023-70,,2,2,2,2,3,1.9
1462029,1,2023-71-1,2023-71,,2,2,1,2,2,2.2
1462029,1,2023-72-1,2023-72,,1,2,2,2,3,2.1
1462029,1,2023-73-1,2023-73,,3,3,2,1,2,2.1
1462029,1,2023-74-1,2023-74,,3,2,2,2,1,2.3
1462029,1,2023-75-1,2023-75,,2,1,3,1,2,2.2
1462029,1,2023-76-1,2023-76,,2,2,1,2,2,2.1
1462029,1,2023-77-1,2023-77,,1,2,1,2,2,1.8
1462029,1,2023-78-1,2023-78,,2,3,2,1,2,2.0
1462029,1,2023-79-1,2023-79,,1,2,2,2,1,1.9
1462029,1,2023-80-1,2023-80,,3,2,2,2,3,1.9
1462029,1,2023-81-1,2023-81,,1,2,2,2,2,2.1
1462029,1,2023-82-1,2023-82,,2,2,2,2,2,2.0
1462029,1,2023-83-1,2023-83,,1,1,2,2,3,2.2
1462029,1,2023-84-1,2023-84,,2,3,2,2,2,1.7
1462029,1,2023-85-1,2023-85,,2,3,1,2,2,2.2
1462029,1,2023-86-1,2023-86,,2,1,2,2,1,1.6
1462029,1,2023-87-1,2023-87,,3,2,2,2,2,2.2
1462029,1,2023-88-1,2023-88,,2,3,2,3,3,2.1
1462029,1,2023-89-1,2023-89,,2,2,3,2,1,2.0
1462029,1,2023-90-1,2023-90,,2,2,1,1,2,2.3
1462029,1,2023-91-1,2023-91,,3,1,1,1,1,2.0
1462029,1,2023-92-1,2023-92,,2,2,3,2,3,2.2
1462029,1,2023-93-1,2023-93,,2,1,1,1,2,1.9
1462029,1,2023-94-1,2023-94,,2,2,3,3,1,2.0
1462029,1,2023-95-1,2023-95,,1,1,3,2,2,2.0
1462029,1,2023-96-1,2023-96,,2,2,2,1,2,2.1
1462029,1,2023-97-1,2023-97,,2,2,2,2,2,1.7
1462029,1,2023-98-1,2023-98,,1,1,3,1,0,1.8
1462029,1,2023-99-1,2023-99,,1,1,2,2,3,2.1
1462029,1,2023-100-1,2023-100,,2,3,2,2,2,2.2
1462029,1,2023-101-1,2023-101,,2,2,2,2,2,2.1
1462029,1,2023-102-1,2023-102,,1,1,2,2,2,2.3
1462029,1,2023-103-1,2023-103,,2,2,2,2,1,2.2
1462029,1,2023-104-1,2023-104,,2,3,2,2,2,2.0
1462029,1,2024-1-1,2024-1,,2,3,2,3,3,2.1
1462029,1,2024-2-1,2024-2,,2,1,2,2,3,2.0
1462029,1,2024-3-1,2024-3,,2,2,2,2,4,1.9
1462029,1,2024-4-1,2024-4,,2,3,2,2,2,1.9
1462029,1,2024-5-1,2024-5,,1,1,1,2,2,2.1
1462029,1,2024-6-1,2024-6,,2,2,3,1,2,2.5
1462029,1,2024-7-1,2024-7,,1,2,2,1,2,2.0
1462029,1,2024-8-1,2024-8,,2,1,2,2,1,2.1
1462029,1,2024-9-1,2024-9,,2,1,2,3,1,1.7
1462029,1,2024-10-1,2024-10,,2,3,2,2,3,1.8
1462029,1,2024-11-1,2024-11,,2,1,2,2,1,1.9
1462029,1,2024-12-1,2024-12,,2,1,2,2,2,2.2
1462029,1,2024-13-1,2024-13,,3,3,2,2,2,2.1
1462029,1,2024-14-1,2024-14,,2,2,3,2,2,1.9
1462029,1,2024-15-1,2024-15,,2,2,1,3,2,2.0
1462029,1,2024-16-1,2024-16,,2,2,2,2,2,1.9
1462029,1,2024-17-1,2024-17,,2,2,1,3,2,1.8
1462029,1,2024-18-1,2024-18,,3,2,2,2,3,2.1
1462029,1,2024-19-1,2024-19,,3,2,2,3,2,1.8
1462029,1,2024-20-1,2024-20,,3,2,2,2,3,2.2
1462029,1,2024-21-1,2024-21,,1,2,2,2,2,2.1
1462029,1,2024-22-1,2024-22,,1,1,2,2,2,2.0
1462029,1,2024-23-1,2024-23,,2,2,2,2,2,2.0
1462030,1,2023-8-1,2023-8,,2,3,2,2,2,2.1
1462030,1,2023-9-1,2023-9,,4,3,2,4,3,2.0
1462030,1,2023-10-1,2023-10,,2,1,2,2,3,2.2
1462030,1,2023-11-1,2023-11,,2,2,2,1,3,2.0
1462030,1,2023-12-1,2023-12,,2,2,3,2,3,2.2
1462030,1,2023-13-1,2023-13,,2,2,1,1,3,2.3
1462030,1,2023-14-1,2023-14,,2,2,2,2,3,2.0
1462030,1,2023-15-1,2023-15,,1,2,2,1,2,1.9
1462030,1,2023-16-1,2023-16,,3,3,2,1,2,2.0
1462030,1,2023-17-1,2023-17,,3,3,3,2,3,2.3
1462030,1,2023-18-1,2023-18,,2,2,3,3,2,2.0
1462030,1,2023-19-1,2023-19,,2,3,3,2,2,1.9
1462030,1,2023-20-1,2023-20,,2,3,2,1,1,1.8
1462030,1,2023-21-1,2023-21,,2,1,2,2,1,1.8
1462030,1,2023-22-1,2023-22,,1,2,2,2,2,1.8
1462030,1,2023-23-1,2023-23,,2,2,1,1,1,2.3
1462030,1,2023-24-1,2023-24,,2,2,3,1,1,2.1
1462030,1,2023-25-1,2023-25,,3,1,2,2,2,2.1
1462030,1,2023-26-1,2023-26,,1,1,2,1,1,1.9
1462030,1,2023-27-1,2023-27,,2,2,2,3,2,2.0
1462030,1,2023-28-1,2023-28,,3,2,2,2,3,2.0
1462030,1,2023-29-1,2023-29,,1,2,1,1,2,1.9
1462030,1,2023-30-1,2023-30,,3,2,2,2,1,2.0
1462030,1,2023-31-1,2023-31,,2,2,1,2,2,2.3
1462030,1,2023-32-1,2023-32,,2,3,3,4,2,2.0
1462030,1,2023-33-1,2023-33,,2,2,1,1,3,1.7
1462030,1,2023-34-1,2023-34,,2,2,3,2,2,1.8
1462030,1,2023-35-1,2023-35,,2,2,3,2,3,1.8
1462030,1,2023-36-1,2023-36,,2,3,2,2,2,1.9
1462030,1,2023-37-1,2023-37,,2,2,2,2,1,2.1
1462030,1,2023-38-1,2023-38,,1,1,2,2,2,1.6
1462030,1,2023-39-1,2023-39,,3,2,2,2,2,1.9
1462030,1,2023-40-1,2023-40,,2,2,1,2,2,1.9
1462030,1,2023-41-1,2023-41,,1,3,2,1,2,1.9
1462030,1,2023-42-1,2023-42,,2,1,2,2,1,2.2
1462030,1,2023-43-1,2023-43,,2,2,2,1,1,2.3
1462030,1,2023-44-1,2023-44,,2,2,2,2,2,1.9
1462030,1,2023-45-1,2023-45,,2,2,2,2,2,1.8
1462030,1,2023-46-1,2023-46,,2,3,3,2,2,2.3
1462030,1,2023-47-1,2023-47,,3,2,2,2,2,1.8
1462030,1,2023-48-1,2023-48,,2,2,2,1,2,2.3
1462030,1,2023-49-1,2023-49,,2,1,1,2,3,1.9
1462030,1,2023-50-1,2023-50,,2,2,3,3,2,1.7
1462030,1,2023-51-1,2023-51,,1,3,2,3,2,1.9
1462030,1,2023-52-1,2023-52,,3,2,2,1,2,1.8
1462030,1,2023-53-1,2023-53,,2,2,3,2,2,1.7
1462030,1,2023-54-1,2023-54,,2,2,2,3,2,1.7
1462030,1,2023-55-1,2023-55,,2,2,2,2,2,2.3
1462030,1,2023-56-1,2023-56,,3,2,2,1,2,2.2
1462030,1,2023-57-1,2023-57,,1,3,4,1,3,2.4
1462030,1,2023-58-1,2023-58,,2,4,0,1,1,2.0
1462030,1,2023-59-1,2023-59,,2,2,1,2,3,1.9
1462030,1,2023-60-1,2023-60,,1,1,2,1,2,1.8
1462030,1,2023-61-1,2023-61,,2,2,2,2,2,2.1
1462030,1,2023-62-1,2023-62,,2,2,2,3,2,1.9
1462030,1,2023-63-1,2023-63,,2,2,1,1,2,1.9
1462030,1,2023-64-1,2023-64,,2,2,2,2,2,1.8
1462030,1,2023-65-1,2023-65,,2,1,2,1,2,1.9
1462030,1,2023-66-1,2023-66,,1,2,3,2,3,1.9
1462030,1,2023-67-1,2023-67,,2,2,2,2,2,2.3
1462030,1,2023-68-1,2023-68,,2,2,2,2,1,2.0
1462030,1,2023-69-1,2023-69,,2,3,3,3,3,2.2
1462030,1,2023-70-1,2023-70,,2,2,2,3,2,1.9
1462030,1,2023-71-1,2023-71,,3,2,2,2,2,2.2
1462030,1,2023-72-1,2023-72,,3,2,3,2,3,2.1
1462030,1,2023-73-1,2023-73,,1,2,2,2,2,2.1
1462030,1,2023-74-1,2023-74,,2,3,2,2,2,2.2
1462030,1,2023-75-1,2023-75,,2,2,3,2,2,2.2
1462030,1,2023-76-1,2023-76,,2,2,3,2,2,2.1
1462030,1,2023-77-1,2023-77,,1,2,2,4,2,1.9
1462030,1,2023-78-1,2023-78,,2,3,2,2,2,2.2
1462030,1,2023-79-1,2023-79,,2,2,2,2,2,1.8
1462030,1,2023-80-1,2023-80,,1,3,1,2,3,2.0
1462030,1,2023-81-1,2023-81,,2,2,2,2,2,2.0
1462030,1,2023-82-1,2023-82,,1,2,3,2,1,2.1
1462030,1,2023-83-1,2023-83,,1,1,2,2,2,2.1
1462030,1,2023-84-1,2023-84,,1,2,1,2,1,1.9
1462030,1,2023-85-1,2023-85,,2,2,2,2,2,1.9
1462030,1,2023-86-1,2023-86,,2,1,1,1,2,2.2
1462030,1,2023-87-1,2023-87,,2,2,2,1,2,2.0
1462030,1,2023-88-1,2023-88,,1,2,2,2,2,1.7
1462030,1,2023-89-1,2023-89,,2,3,2,2,3,2.6
1462030,1,2023-90-1,2023-90,,2,2,1,1,3,2.2
1462030,1,2023-91-1,2023-91,,2,2,2,2,2,1.8
1462030,1,2023-92-1,2023-92,,2,1,3,2,1,1.9
1462030,1,2023-93-1,2023-93,,2,2,2,2,1,1.6
1462030,1,2023-94-1,2023-94,,3,2,2,2,2,2.1
1462030,1,2023-95-1,2023-95,,2,3,2,3,2,1.9
1462030,1,2023-96-1,2023-96,,3,2,2,1,2,2.1
1462030,1,2023-97-1,2023-97,,1,3,3,3,2,2.1
1462030,1,2023-98-1,2023-98,,2,2,2,2,2,2.3
1462030,1,2023-99-1,2023-99,,1,2,3,2,3,2.1
1462030,1,2023-100-1,2023-100,,2,3,3,2,1,2.0
1462030,1,2023-101-1,2023-101,,2,1,3,2,3,1.8
1462030,1,2023-102-1,2023-102,,2,2,3,2,1,1.9
1462030,1,2023-103-1,2023-103,,2,2,2,3,3,2.2
1462030,1,2023-104-1,2023-104,,1,2,2,2,2,2.2
1462030,1,2024-1-1,2024-1,,2,2,2,2,2,2.1
1462030,1,2024-2-1,2024-2,,2,1,2,2,2,2.1
1462030,1,2024-3-1,2024-3,,2,1,2,3,2,2.0
1462030,1,2024-4-1,2024-4,,3,3,3,2,2,2.1
1462030,1,2024-5-1,2024-5,,2,2,2,2,2,1.7
1462030,1,2024-6-1,2024-6,,2,2,2,2,3,2.0
1462030,1,2024-7-1,2024-7,,3,1,2,1,2,2.2
1462030,1,2024-8-1,2024-8,,1,1,3,2,2,1.9
1462030,1,2024-9-1,2024-9,,1,2,3,2,2,2.0
1462030,1,2024-10-1,2024-10,,2,3,2,3,3,1.7
1462030,1,2024-11-1,2024-11,,2,1,2,1,3,2.2
1462030,1,2024-12-1,2024-12,,2,1,2,3,4,2.5
1462030,1,2024-13-1,2024-13,,1,3,4,4,3,2.0
1462030,1,2024-14-1,2024-14,,2,1,2,2,2,1.9
1462030,1,2024-15-1,2024-15,,2,1,2,2,1,2.2
1462030,1,2024-16-1,2024-16,,2,2,2,2,2,1.9
1462030,1,2024-17-1,2024-17,,2,2,2,2,2,1.8
1462030,1,2024-18-1,2024-18,,2,2,2,1,3,2.5
1462030,1,2024-19-1,2024-19,,3,2,2,1,2,1.9
1462030,1,2024-20-1,2024-20,,2,2,2,2,4,2.6
1462030,1,2024-21-1,2024-21,,3,2,2,1,2,2.1
1462030,1,2024-22-1,2024-22,,2,2,2,2,2,1.8
1462030,1,2024-23-1,2024-23,,2,2,2,2,3,2.2
1462026,2,2024-24-1,2024-24,,2,2,1,1,2,2.1
1462026,2,2024-25-1,2024-25,,2,2,3,2,2,2.1
1462026,2,2024-26-1,2024-26,,2,2,2,2,2,1.9
1462026,2,2024-27-1,2024-27,,3,3,2,2,1,2.2
1462026,2,2024-28-1,2024-28,,2,2,2,3,1,2.0
1462026,2,2024-29-1,2024-29,,1,2,3,3,2,2.3
1462026,2,2024-30-1,2024-30,,2,2,1,1,2,2.2
1462026,2,2024-31-1,2024-31,,2,4,2,2,2,2.2
1462026,2,2024-32-1,2024-32,,2,2,3,1,1,2.2
1462026,2,2024-33-1,2024-33,,2,2,2,2,3,2.0
1462026,2,2024-34-1,2024-34,,2,2,2,1,2,1.9
1462026,2,2024-35-1,2024-35,,1,1,2,2,4,2.1
1462026,2,2024-36-1,2024-36,,2,2,3,3,3,2.2
1462026,2,2024-37-1,2024-37,,2,3,4,2,2,2.3
1462026,2,2024-38-1,2024-38,,2,3,2,3,2,1.8
1462026,2,2024-39-1,2024-39,,2,2,2,1,3,2.3
1462026,2,2024-40-1,2024-40,,3,2,2,3,2,2.5
1462026,2,2024-41-1,2024-41,,3,2,1,2,2,1.9
1462026,2,2024-42-1,2024-42,,2,2,2,3,3,1.9
1462026,2,2024-43-1,2024-43,,1,2,2,2,3,2.0
1462026,2,2024-44-1,2024-44,,2,1,2,2,1,2.1
1462026,2,2024-45-1,2024-45,,2,2,2,1,2,2.3
1462026,2,2024-46-1,2024-46,,2,1,1,1,3,2.3
1462026,2,2024-47-1,2024-47,,2,2,2,2,2,2.1
1462026,2,2024-48-1,2024-48,,3,3,2,2,2,2.2
1462026,2,2024-49-1,2024-49,,2,2,2,1,2,2.0
1462026,2,2024-50-1,2024-50,,2,2,2,2,2,2.0
1462026,2,2024-51-1,2024-51,,2,1,2,1,2,2.0
1462026,2,2024-52-1,2024-52,,3,3,1,2,2,2.3
1462026,2,2024-53-1,2024-53,,2,2,2,3,2,2.2
1462026,2,2024-54-1,2024-54,,1,2,2,3,2,2.2
1462026,2,2024-55-1,2024-55,,1,3,3,3,2,1.7
1462026,2,2024-56-1,2024-56,,1,2,3,2,2,2.2
1462026,2,2024-57-1,2024-57,,2,1,2,2,2,2.0
1462026,2,2024-58-1,2024-58,,3,1,3,2,2,2.5
1462026,2,2024-59-1,2024-59,,2,3,2,2,2,2.3
1462026,2,2024-60-1,2024-60,,3,1,2,3,2,2.2
1462026,2,2024-61-1,2024-61,,3,2,2,2,2,2.0
1462026,2,2024-62-1,2024-62,,1,2,2,1,1,1.9
1462026,2,2024-63-1,2024-63,,2,1,3,2,3,2.3
1462026,2,2024-64-1,2024-64,,2,2,2,2,2,2.1
1462026,2,2024-65-1,2024-65,,2,3,1,1,2,1.9
1462026,2,2024-66-1,2024-66,,2,1,1,1,1,2.5
1462026,2,2024-67-1,2024-67,,2,2,3,2,1,2.4
1462026,2,2024-68-1,2024-68,,2,3,2,2,2,2.2
1462026,2,2024-69-1,2024-69,,3,2,3,3,2,2.0
1462026,2,2024-70-1,2024-70,,1,2,1,2,2,2.2
1462026,2,2024-71-1,2024-71,,1,2,3,1,1,1.8
1462026,2,2024-72-1,2024-72,,1,1,3,3,2,2.1
1462026,2,2024-73-1,2024-73,,2,1,1,2,1,2.1
1462026,2,2024-74-1,2024-74,,2,2,3,2,2,1.8
1462026,2,2024-75-1,2024-75,,3,2,1,2,2,1.9
1462026,2,2024-76-1,2024-76,,2,1,2,3,2,2.0
1462026,2,2024-77-1,2024-77,,2,2,2,2,2,1.8
1462026,2,2024-78-1,2024-78,,2,2,2,2,2,2.2
1462026,2,2024-79-1,2024-79,,1,2,3,2,2,2.1
1462026,2,2024-80-1,2024-80,,1,2,2,2,3,2.1
1462026,2,2024-81-1,2024-81,,3,2,1,2,2,1.7
1462026,2,2024-82-1,2024-82,,2,2,1,1,1,2.0
1462026,2,2024-83-1,2024-83,,2,2,2,2,3,2.0
1462026,2,2024-84-1,2024-84,,2,2,2,1,3,2.0
1462026,2,2024-85-1,2024-85,,3,2,1,2,3,1.8
1462026,2,2024-86-1,2024-86,,1,3,3,4,2,2.3
1462026,2,2024-87-1,2024-87,,2,2,2,4,2,2.2
1462026,2,2024-88-1,2024-88,,2,2,2,2,2,1.9
1462026,2,2024-89-1,2024-89,,2,2,2,1,2,2.4
1462026,2,2024-90-1,2024-90,,2,2,2,2,1,2.4
1462026,2,2024-91-1,2024-91,,3,2,2,3,3,1.9
1462026,2,2024-92-1,2024-92,,2,2,2,3,2,2.1
1462026,2,2024-93-1,2024-93,,3,1,3,2,2,1.8
1462026,2,2024-94-1,2024-94,,2,2,1,1,2,2.2
1462026,2,2024-95-1,2024-95,,4,2,1,1,1,2.2
1462026,2,2024-96-1,2024-96,,2,4,3,2,2,1.7
1462026,2,2024-97-1,2024-97,,2,2,1,1,2,2.1
1462026,2,2024-98-1,2024-98,,2,2,3,3,2,2.1
1462026,2,2024-99-1,2024-99,,2,2,2,1,2,2.1
1462026,2,2024-100-1,2024-100,,2,3,3,3,1,2.2
1462026,2,2024-101-1,2024-101,,1,2,2,2,2,2.2
1462026,2,2024-102-1,2024-102,,3,2,2,2,3,1.8
1462026,2,2024-103-1,2024-103,,2,2,3,2,2,2.2
1462026,2,2024-104-1,2024-104,,2,1,2,2,2,2.0
1462026,2,2025-1-1,2025-1,,1,2,2,2,1,1.9
1462026,2,2025-2-1,2025-2,,3,2,1,1,1,2.0
1462026,2,2025-3-1,2025-3,,1,2,3,2,2,2.1
1462026,2,2025-4-1,2025-4,,2,2,2,3,3,2.2
1462026,2,2025-5-1,2025-5,,3,2,3,3,2,1.9
1462026,2,2025-6-1,2025-6,,1,2,2,2,2,2.2
1462026,2,2025-7-1,2025-7,,2,2,3,2,2,2.2
1462026,2,2025-8-1,2025-8,,2,3,3,2,3,2.0
1462026,2,2025-9-1,2025-9,,3,1,1,2,2,2.2
1462026,2,2025-10-1,2025-10,,2,2,1,2,2,1.9
1462026,2,2025-11-1,2025-11,,1,2,2,2,3,1.9
1462026,2,2025-12-1,2025-12,,2,2,2,2,3,2.4
1462026,2,2025-13-1,2025-13,,1,2,3,3,2,2.1
1462026,2,2025-14-1,2025-14,,2,2,3,2,2,1.9
1462026,2,2025-15-1,2025-15,,2,2,2,2,3,2.2
1462026,2,2025-16-1,2025-16,,1,2,2,2,2,2.1
1462026,2,2025-17-1,2025-17,,1,2,3,2,3,2.1
1462026,2,2025-18-1,2025-18,,2,2,2,2,3,2.2
1462026,2,2025-19-1,2025-19,,3,1,3,3,2,2.4
1462026,2,2025-20-1,2025-20,,1,2,2,1,2,2.0
1462026,2,2025-21-1,2025-21,,2,2,2,3,3,1.9
1462026,2,2025-22-1,2025-22,,3,2,2,2,1,2.0
1462026,2,2025-23-1,2025-23,,1,2,3,3,2,2.0
1462026,2,2025-24-1,2025-24,,2,2,2,2,1,2.3
1462026,2,2025-25-1,2025-25,,3,3,3,2,2,1.8
1462026,2,2025-26-1,2025-26,,2,2,2,2,2,2.4
1462026,2,2025-27-1,2025-27,,1,3,2,2,3,1.9
1462026,2,2025-28-1,2025-28,,2,2,2,1,2,2.4
1462026,2,2025-29-1,2025-29,,2,2,3,2,3,2.1
1462026,2,2025-30-1,2025-30,,3,1,1,1,1,2.3
1462026,2,2025-31-1,2025-31,,1,2,3,2,3,2.0
1462026,2,2025-32-1,2025-32,,3,2,2,1,2,2.1
1462026,2,2025-33-1,2025-33,,2,1,1,1,2,2.2
1462026,2,2025-34-1,2025-34,,2,3,2,2,2,2.0
1462026,2,2025-35-1,2025-35,,1,2,3,2,2,2.4
1462026,2,2025-36-1,2025-36,,2,3,2,2,2,2.0
1462026,2,2025-37-1,2025-37,,2,2,2,3,3,2.0
1462026,2,2025-38-1,2025-38,,2,2,2,2,2,2.2
1462026,2,2025-39-1,2025-39,,3,1,3,2,2,2.2
1462027,2,2024-24-1,2024-24,,2,2,2,2,1,2.3
1462027,2,2024-25-1,2024-25,,2,3,3,3,1,2.0
1462027,2,2024-26-1,2024-26,,2,2,2,2,1,2.0
1462027,2,2024-27-1,2024-27,,1,1,2,1,1,2.0
1462027,2,2024-28-1,2024-28,,2,3,2,1,2,2.1
1462027,2,2024-29-1,2024-29,,2,2,3,3,2,2.4
1462027,2,2024-30-1,2024-30,,3,1,1,2,2,2.1
1462027,2,2024-31-1,2024-31,,2,2,2,2,2,2.1
1462027,2,2024-32-1,2024-32,,2,3,2,1,2,2.0
1462027,2,2024-33-1,2024-33,,3,2,3,4,2,1.7
1462027,2,2024-34-1,2024-34,,3,3,2,2,2,2.1
1462027,2,2024-35-1,2024-35,,1,2,3,1,3,2.0
1462027,2,2024-36-1,2024-36,,2,2,2,2,2,1.8
1462027,2,2024-37-1,2024-37,,1,2,1,1,4,2.1
1462027,2,2024-38-1,2024-38,,2,3,2,3,2,2.5
1462027,2,2024-39-1,2024-39,,1,2,2,3,1,2.1
1462027,2,2024-40-1,2024-40,,1,2,3,2,2,1.5
1462027,2,2024-41-1,2024-41,,3,1,1,3,2,2.2
1462027,2,2024-42-1,2024-42,,1,2,2,3,4,1.9
1462027,2,2024-43-1,2024-43,,1,2,2,2,4,1.9
1462027,2,2024-44-1,2024-44,,2,2,2,2,1,2.0
1462027,2,2024-45-1,2024-45,,1,2,1,2,2,2.2
1462027,2,2024-46-1,2024-46,,2,2,2,2,3,2.4
1462027,2,2024-47-1,2024-47,,2,3,2,3,3,2.5
1462027,2,2024-48-1,2024-48,,3,2,1,1,2,1.7
1462027,2,2024-49-1,2024-49,,1,2,2,1,3,2.2
1462027,2,2024-50-1,2024-50,,1,2,1,1,2,2.1
1462027,2,2024-51-1,2024-51,,2,1,1,1,2,2.2
1462027,2,2024-52-1,2024-52,,2,3,3,2,2,1.9
1462027,2,2024-53-1,2024-53,,1,2,3,2,2,2.0
1462027,2,2024-54-1,2024-54,,2,2,2,2,1,2.0
1462027,2,2024-55-1,2024-55,,3,2,2,2,2,2.0
1462027,2,2024-56-1,2024-56,,2,2,2,2,1,1.9
1462027,2,2024-57-1,2024-57,,2,1,2,2,1,2.3
1462027,2,2024-58-1,2024-58,,2,3,3,2,3,2.1
1462027,2,2024-59-1,2024-59,,3,3,2,2,1,2.1
1462027,2,2024-60-1,2024-60,,2,2,2,3,2,2.3
1462027,2,2024-61-1,2024-61,,1,2,2,2,3,2.3
1462027,2,2024-62-1,2024-62,,2,2,1,2,3,2.2
1462027,2,2024-63-1,2024-63,,3,4,2,2,1,1.9
1462027,2,2024-64-1,2024-64,,2,3,3,1,2,1.9
1462027,2,2024-65-1,2024-65,,2,2,2,2,2,2.0
1462027,2,2024-66-1,2024-66,,2,2,2,1,1,2.3
1462027,2,2024-67-1,2024-67,,1,1,2,1,1,2.1
1462027,2,2024-68-1,2024-68,,1,1,2,2,2,2.1
1462027,2,2024-69-1,2024-69,,2,2,2,2,2,2.1
1462027,2,2024-70-1,2024-70,,3,2,2,1,2,2.1
1462027,2,2024-71-1,2024-71,,1,1,2,2,2,1.7
1462027,2,2024-72-1,2024-72,,2,2,2,2,2,2.3
1462027,2,2024-73-1,2024-73,,3,2,2,3,2,2.3
1462027,2,2024-74-1,2024-74,,2,1,2,2,2,2.1
1462027,2,2024-75-1,2024-75,,2,2,2,1,2,2.2
1462027,2,2024-76-1,2024-76,,2,2,2,2,1,2.4
1462027,2,2024-77-1,2024-77,,2,2,2,2,1,2.1
1462027,2,2024-78-1,2024-78,,2,1,2,2,2,2.1
1462027,2,2024-79-1,2024-79,,2,2,2,2,1,1.9
1462027,2,2024-80-1,2024-80,,2,2,2,3,3,2.6
1462027,2,2024-81-1,2024-81,,2,2,1,1,1,2.1
1462027,2,2024-82-1,2024-82,,3,2,3,2,1,1.9
1462027,2,2024-83-1,2024-83,,3,2,2,1,1,2.3
1462027,2,2024-84-1,2024-84,,2,4,3,5,3,2.2
1462027,2,2024-85-1,2024-85,,2,4,2,3,1,2.0
1462027,2,2024-86-1,2024-86,,2,2,3,3,2,2.1
1462027,2,2024-87-1,2024-87,,2,2,1,2,2,2.2
1462027,2,2024-88-1,2024-88,,3,1,2,1,2,1.9
1462027,2,2024-89-1,2024-89,,2,1,2,2,1,2.4
1462027,2,2024-90-1,2024-90,,2,2,2,2,2,2.0
1462027,2,2024-91-1,2024-91,,2,2,2,3,2,2.2
1462027,2,2024-92-1,2024-92,,2,2,2,1,3,2.1
1462027,2,2024-93-1,2024-93,,2,3,3,3,2,1.8
1462027,2,2024-94-1,2024-94,,2,3,1,3,2,2.1
1462027,2,2024-95-1,2024-95,,2,3,1,2,2,2.4
1462027,2,2024-96-1,2024-96,,3,3,1,2,2,2.1
1462027,2,2024-97-1,2024-97,,1,2,3,2,1,1.9
1462027,2,2024-98-1,2024-98,,2,2,3,3,2,2.3
1462027,2,2024-99-1,2024-99,,2,2,3,2,1,2.2
1462027,2,2024-100-1,2024-100,,2,2,2,2,3,2.0
1462027,2,2024-101-1,2024-101,,1,2,2,2,3,2.0
1462027,2,2024-102-1,2024-102,,2,2,2,2,2,2.3
1462027,2,2024-103-1,2024-103,,3,2,3,2,1,2.4
1462027,2,2024-104-1,2024-104,,2,1,1,3,1,1.8
1462027,2,2025-1-1,2025-1,,3,1,1,3,1,1.8
1462027,2,2025-2-1,2025-2,,1,1,1,1,1,2.4
1462027,2,2025-3-1,2025-3,,1,2,2,2,2,1.7
1462027,2,2025-4-1,2025-4,,2,1,2,3,1,2.2
1462027,2,2025-5-1,2025-5,,2,2,3,2,3,2.3
1462027,2,2025-6-1,2025-6,,1,2,1,1,2,2.5
1462027,2,2025-7-1,2025-7,,2,1,3,2,2,2.2
1462027,2,2025-8-1,2025-8,,1,2,1,2,2,1.9
1462027,2,2025-9-1,2025-9,,3,2,2,3,3,2.1
1462027,2,2025-10-1,2025-10,,2,2,2,2,2,2.0
1462027,2,2025-11-1,2025-11,,0,2,2,4,2,2.1
1462027,2,2025-12-1,2025-12,,2,2,3,2,2,2.2
1462027,2,2025-13-1,2025-13,,2,3,2,2,4,2.2
1462027,2,2025-14-1,2025-14,,1,2,3,2,2,2.2
1462027,2,2025-15-1,2025-15,,2,2,1,3,2,1.9
1462027,2,2025-16-1,2025-16,,2,2,2,2,2,2.3
1462027,2,2025-17-1,2025-17,,3,3,2,2,2,2.3
1462027,2,2025-18-1,2025-18,,3,3,2,1,3,1.9
1462027,2,2025-19-1,2025-19,,2,2,3,2,2,1.8
1462027,2,2025-20-1,2025-20,,2,2,3,4,3,2.2
1462027,2,2025-21-1,2025-21,,1,3,2,3,2,2.2
1462027,2,2025-22-1,2025-22,,2,2,2,1,1,2.4
1462027,2,2025-23-1,2025-23,,2,2,2,2,2,1.9
1462027,2,2025-24-1,2025-24,,2,3,2,1,2,1.9
1462027,2,2025-25-1,2025-25,,2,2,4,2,3,2.0
1462027,2,2025-26-1,2025-26,,3,1,2,2,1,2.1
1462027,2,2025-27-1,2025-27,,2,2,2,2,2,1.8
1462027,2,2025-28-1,2025-28,,2,2,2,2,2,1.8
1462027,2,2025-29-1,2025-29,,2,2,3,1,1,2.2
1462027,2,2025-30-1,2025-30,,3,3,1,1,2,1.7
1462027,2,2025-31-1,2025-31,,2,2,1,1,2,2.0
1462027,2,2025-32-1,2025-32,,3,2,2,2,2,1.9
1462027,2,2025-33-1,2025-33,,2,2,2,2,3,2.1
1462027,2,2025-34-1,2025-34,,2,2,2,3,2,2.1
1462027,2,2025-35-1,2025-35,,1,2,1,2,2,2.0
1462027,2,2025-36-1,2025-36,,2,3,2,2,2,2.0
1462027,2,2025-37-1,2025-37,,2,3,3,2,3,1.9
1462027,2,2025-38-1,2025-38,,1,2,2,2,2,2.0
1462027,2,2025-39-1,2025-39,,1,2,2,2,2,2.4
1462028,2,2024-24-1,2024-24,,2,2,2,2,2,2.3
1462028,2,2024-25-1,2024-25,,3,2,1,2,2,2.2
1462028,2,2024-26-1,2024-26,,3,1,1,2,1,2.2
1462028,2,2024-27-1,2024-27,,2,2,1,3,1,2.4
1462028,2,2024-28-1,2024-28,,3,2,1,2,2,1.9
1462028,2,2024-29-1,2024-29,,2,2,3,2,2,2.0
1462028,2,2024-30-1,2024-30,,2,2,3,2,2,2.3
1462028,2,2024-31-1,2024-31,,1,3,2,3,2,2.0
1462028,2,2024-32-1,2024-32,,3,2,2,2,2,1.9
1462028,2,2024-33-1,2024-33,,1,4,2,2,2,2.0
1462028,2,2024-34-1,2024-34,,2,2,2,2,2,2.3
1462028,2,2024-35-1,2024-35,,3,2,1,2,2,1.8
1462028,2,2024-36-1,2024-36,,2,2,3,2,2,2.3
1462028,2,2024-37-1,2024-37,,2,2,3,3,2,2.1
1462028,2,2024-38-1,2024-38,,2,2,1,1,3,2.2
1462028,2,2024-39-1,2024-39,,1,3,2,2,2,2.1
1462028,2,2024-40-1,2024-40,,5,2,2,3,2,2.1
1462028,2,2024-41-1,2024-41,,2,2,2,1,2,2.0
1462028,2,2024-42-1,2024-42,,3,3,4,2,3,2.0
1462028,2,2024-43-1,2024-43,,1,1,1,2,2,2.1
1462028,2,2024-44-1,2024-44,,2,1,3,4,2,1.9
1462028,2,2024-45-1,2024-45,,1,1,2,3,2,2.5
1462028,2,2024-46-1,2024-46,,2,2,2,2,2,2.4
1462028,2,2024-47-1,2024-47,,2,1,1,2,3,2.2
1462028,2,2024-48-1,2024-48,,2,3,2,2,2,2.2
1462028,2,2024-49-1,2024-49,,1,3,2,2,2,1.7
1462028,2,2024-50-1,2024-50,,2,3,1,2,2,2.3
1462028,2,2024-51-1,2024-51,,2,2,1,2,2,2.0
1462028,2,2024-52-1,2024-52,,3,3,1,2,2,2.6
1462028,2,2024-53-1,2024-53,,2,1,2,3,2,2.4
1462028,2,2024-54-1,2024-54,,3,2,1,2,2,1.7
1462028,2,2024-55-1,2024-55,,3,2,2,2,2,2.3
1462028,2,2024-56-1,2024-56,,2,1,2,2,2,2.0
1462028,2,2024-57-1,2024-57,,3,1,2,1,1,2.1
1462028,2,2024-58-1,2024-58,,2,2,3,3,2,1.9
1462028,2,2024-59-1,2024-59,,1,3,3,2,1,1.8
1462028,2,2024-60-1,2024-60,,2,2,3,2,1,2.5
1462028,2,2024-61-1,2024-61,,2,3,2,1,3,1.9
1462028,2,2024-62-1,2024-62,,2,2,1,2,2,1.9
1462028,2,2024-63-1,2024-63,,2,2,2,2,3,2.6
1462028,2,2024-64-1,2024-64,,2,2,3,2,2,2.4
1462028,2,2024-65-1,2024-65,,2,2,2,2,3,2.0
1462028,2,2024-66-1,2024-66,,3,2,2,2,2,2.3
1462028,2,2024-67-1,2024-67,,2,3,3,1,2,2.0
1462028,2,2024-68-1,2024-68,,1,2,2,2,2,2.2
1462028,2,2024-69-1,2024-69,,2,3,1,2,2,2.1
1462028,2,2024-70-1,2024-70,,2,2,1,2,2,2.0
1462028,2,2024-71-1,2024-71,,2,3,2,2,3,2.2
1462028,2,2024-72-1,2024-72,,2,3,2,2,2,2.2
1462028,2,2024-73-1,2024-73,,3,3,1,1,1,2.2
1462028,2,2024-74-1,2024-74,,2,1,2,2,1,2.2
1462028,2,2024-75-1,2024-75,,4,2,2,1,2,2.3
1462028,2,2024-76-1,2024-76,,2,1,1,3,3,2.1
1462028,2,2024-77-1,2024-77,,3,2,2,2,2,2.2
1462028,2,2024-78-1,2024-78,,1,3,2,2,2,2.1
1462028,2,2024-79-1,2024-79,,2,2,2,2,1,2.1
1462028,2,2024-80-1,2024-80,,2,2,1,3,2,1.9
1462028,2,2024-81-1,2024-81,,2,2,2,1,2,1.9
1462028,2,2024-82-1,2024-82,,1,3,2,3,2,1.8
1462028,2,2024-83-1,2024-83,,2,1,3,2,3,2.0
1462028,2,2024-84-1,2024-84,,1,2,2,1,2,2.2
1462028,2,2024-85-1,2024-85,,3,2,2,2,2,2.0
1462028,2,2024-86-1,2024-86,,1,3,3,2,2,2.4
1462028,2,2024-87-1,2024-87,,3,2,2,2,2,1.6
1462028,2,2024-88-1,2024-88,,1,2,1,2,2,2.1
1462028,2,2024-89-1,2024-89,,1,2,2,1,2,2.2
1462028,2,2024-90-1,2024-90,,2,1,3,2,2,2.5
1462028,2,2024-91-1,2024-91,,3,2,2,2,3,1.8
1462028,2,2024-92-1,2024-92,,2,1,2,2,3,2.1
1462028,2,2024-93-1,2024-93,,1,3,2,2,3,2.0
1462028,2,2024-94-1,2024-94,,2,2,2,2,2,2.1
1462028,2,2024-95-1,2024-95,,1,2,2,1,3,1.8
1462028,2,2024-96-1,2024-96,,2,2,3,3,2,2.1
1462028,2,2024-97-1,2024-97,,2,2,3,1,3,2.1
1462028,2,2024-98-1,2024-98,,1,2,3,2,2,2.2
1462028,2,2024-99-1,2024-99,,2,2,2,2,2,2.0
1462028,2,2024-100-1,2024-100,,3,2,1,4,2,2.1
1462028,2,2024-101-1,2024-101,,2,2,2,2,2,1.9
1462028,2,2024-102-1,2024-102,,1,1,2,1,2,2.5
1462028,2,2024-103-1,2024-103,,2,1,2,3,2,2.1
1462028,2,2024-104-1,2024-104,,2,2,3,2,1,1.8
1462028,2,2025-1-1,2025-1,,2,1,2,3,2,1.8
1462028,2,2025-2-1,2025-2,,2,2,1,1,2,1.9
1462028,2,2025-3-1,2025-3,,2,1,2,2,2,2.7
1462028,2,2025-4-1,2025-4,,2,2,2,2,3,2.3
1462028,2,2025-5-1,2025-5,,2,2,2,1,2,2.1
1462028,2,2025-6-1,2025-6,,1,1,1,2,1,2.4
1462028,2,2025-7-1,2025-7,,1,1,3,2,2,2.0
1462028,2,2025-8-1,2025-8,,3,3,3,3,2,2.1
1462028,2,2025-9-1,2025-9,,1,2,2,2,1,1.9
1462028,2,2025-10-1,2025-10,,3,2,2,2,2,2.0
1462028,2,2025-11-1,2025-11,,2,2,3,4,2,1.7
1462028,2,2025-12-1,2025-12,,3,2,3,3,1,1.9
1462028,2,2025-13-1,2025-13,,2,3,1,3,3,2.2
1462028,2,2025-14-1,2025-14,,2,2,2,1,1,2.2
1462028,2,2025-15-1,2025-15,,1,1,3,2,1,1.9
1462028,2,2025-16-1,2025-16,,2,2,2,2,2,2.1
1462028,2,2025-17-1,2025-17,,2,2,2,3,2,2.1
1462028,2,2025-18-1,2025-18,,2,2,3,2,3,2.2
1462028,2,2025-19-1,2025-19,,2,1,2,4,1,2.1
1462028,2,2025-20-1,2025-20,,3,1,3,2,4,1.9
1462028,2,2025-21-1,2025-21,,2,2,1,2,3,2.0
1462028,2,2025-22-1,2025-22,,1,3,2,2,2,2.1
1462028,2,2025-23-1,2025-23,,4,1,2,3,3,2.1
1462028,2,2025-24-1,2025-24,,2,2,2,1,2,2.1
1462028,2,2025-25-1,2025-25,,3,3,2,3,4,1.9
1462028,2,2025-26-1,2025-26,,4,2,2,1,2,1.8
1462028,2,2025-27-1,2025-27,,1,2,2,4,3,2.5
1462028,2,2025-28-1,2025-28,,2,2,2,2,2,1.9
1462028,2,2025-29-1,2025-29,,3,3,2,3,2,2.3
1462028,2,2025-30-1,2025-30,,2,2,3,1,1,2.0
1462028,2,2025-31-1,2025-31,,2,1,2,2,2,2.2
1462028,2,2025-32-1,2025-32,,3,2,3,2,2,2.0
1462028,2,2025-33-1,2025-33,,1,2,2,2,2,2.0
1462028,2,2025-34-1,2025-34,,2,2,2,2,2,2.2
1462028,2,2025-35-1,2025-35,,3,2,2,3,3,2.2
1462028,2,2025-36-1,2025-36,,2,2,4,3,2,1.9
1462028,2,2025-37-1,2025-37,,2,2,3,2,3,2.0
1462028,2,2025-38-1,2025-38,,2,2,2,2,1,2.0
1462028,2,2025-39-1,2025-39,,3,2,1,2,1,1.9
1462029,2,2024-24-1,2024-24,,1,3,2,1,1,1.9
1462029,2,2024-25-1,2024-25,,3,2,2,2,2,2.0
1462029,2,2024-26-1,2024-26,,1,2,1,2,2,2.0
1462029,2,2024-27-1,2024-27,,2,1,2,2,1,1.9
1462029,2,2024-28-1,2024-28,,2,2,2,3,1,2.3
1462029,2,2024-29-1,2024-29,,2,1,3,3,3,1.8
1462029,2,2024-30-1,2024-30,,2,3,2,1,3,2.1
1462029,2,2024-31-1,2024-31,,2,2,2,2,2,1.9
1462029,2,2024-32-1,2024-32,,4,3,1,2,2,2.1
1462029,2,2024-33-1,2024-33,,2,2,2,2,2,2.1
1462029,2,2024-34-1,2024-34,,2,2,2,2,2,2.0
1462029,2,2024-35-1,2024-35,,1,2,2,1,3,2.0
1462029,2,2024-36-1,2024-36,,2,2,2,2,2,2.1
1462029,2,2024-37-1,2024-37,,2,2,2,2,2,2.2
1462029,2,2024-38-1,2024-38,,2,3,2,2,2,2.3
1462029,2,2024-39-1,2024-39,,1,2,2,3,1,1.5
1462029,2,2024-40-1,2024-40,,3,2,3,2,2,1.9
1462029,2,2024-41-1,2024-41,,1,2,2,1,2,2.0
1462029,2,2024-42-1,2024-42,,2,2,3,4,2,2.0
1462029,2,2024-43-1,2024-43,,2,2,2,3,1,1.9
1462029,2,2024-44-1,2024-44,,2,1,3,2,2,2.1
1462029,2,2024-45-1,2024-45,,1,2,2,1,2,2.3
1462029,2,2024-46-1,2024-46,,2,2,1,1,2,2.1
1462029,2,2024-47-1,2024-47,,4,1,1,2,2,2.3
1462029,2,2024-48-1,2024-48,,2,2,1,3,2,2.1
1462029,2,2024-49-1,2024-49,,2,2,2,2,2,2.2
1462029,2,2024-50-1,2024-50,,2,1,1,1,3,1.9
1462029,2,2024-51-1,2024-51,,3,1,1,3,1,2.1
1462029,2,2024-52-1,2024-52,,3,3,2,2,2,1.9
1462029,2,2024-53-1,2024-53,,3,2,2,3,2,2.0
1462029,2,2024-54-1,2024-54,,2,2,2,2,3,2.0
1462029,2,2024-55-1,2024-55,,2,1,3,2,2,2.0
1462029,2,2024-56-1,2024-56,,1,2,1,2,3,2.4
1462029,2,2024-57-1,2024-57,,2,2,2,2,2,2.1
1462029,2,2024-58-1,2024-58,,1,2,2,2,2,2.3
1462029,2,2024-59-1,2024-59,,1,2,2,2,2,2.1
1462029,2,2024-60-1,2024-60,,2,2,2,2,3,2.1
1462029,2,2024-61-1,2024-61,,3,2,2,2,2,2.2
1462029,2,2024-62-1,2024-62,,2,2,2,2,1,1.8
1462029,2,2024-63-1,2024-63,,3,2,2,2,1,1.7
1462029,2,2024-64-1,2024-64,,1,2,3,1,2,2.0
1462029,2,2024-65-1,2024-65,,1,3,2,1,2,2.2
1462029,2,2024-66-1,2024-66,,1,1,2,2,2,2.2
1462029,2,2024-67-1,2024-67,,1,1,1,2,3,2.0
1462029,2,2024-68-1,2024-68,,1,2,2,2,2,2.6
1462029,2,2024-69-1,2024-69,,2,2,2,2,1,2.1
1462029,2,2024-70-1,2024-70,,3,4,1,1,2,1.5
1462029,2,2024-71-1,2024-71,,1,2,2,2,2,2.0
1462029,2,2024-72-1,2024-72,,2,2,3,1,2,1.9
1462029,2,2024-73-1,2024-73,,4,2,2,1,2,2.1
1462029,2,2024-74-1,2024-74,,2,2,2,1,2,2.1
1462029,2,2024-75-1,2024-75,,3,2,1,2,2,2.1
1462029,2,2024-76-1,2024-76,,2,2,2,2,3,2.2
1462029,2,2024-77-1,2024-77,,2,3,2,2,2,2.3
1462029,2,2024-78-1,2024-78,,3,1,2,2,2,1.9
1462029,2,2024-79-1,2024-79,,2,2,1,3,3,2.2
1462029,2,2024-80-1,2024-80,,2,2,2,2,2,1.8
1462029,2,2024-81-1,2024-81,,2,2,2,2,2,2.1
1462029,2,2024-82-1,2024-82,,1,3,2,3,2,2.1
1462029,2,2024-83-1,2024-83,,1,2,1,2,2,2.0
1462029,2,2024-84-1,2024-84,,2,4,2,2,3,2.0
1462029,2,2024-85-1,2024-85,,3,2,2,2,2,2.3
1462029,2,2024-86-1,2024-86,,2,1,3,2,2,2.2
1462029,2,2024-87-1,2024-87,,2,1,2,1,3,2.2
1462029,2,2024-88-1,2024-88,,2,2,3,1,1,2.1
1462029,2,2024-89-1,2024-89,,1,1,1,2,2,2.3
1462029,2,2024-90-1,2024-90,,3,3,3,2,2,2.4
1462029,2,2024-91-1,2024-91,,3,2,4,2,2,2.1
1462029,2,2024-92-1,2024-92,,3,3,3,2,2,2.0
1462029,2,2024-93-1,2024-93,,2,2,3,3,3,2.0
1462029,2,2024-94-1,2024-94,,2,2,2,2,1,2.0
1462029,2,2024-95-1,2024-95,,3,3,2,2,3,2.1
1462029,2,2024-96-1,2024-96,,4,2,2,2,2,2.1
1462029,2,2024-97-1,2024-97,,4,2,1,1,1,2.1
1462029,2,2024-98-1,2024-98,,2,2,3,2,2,2.2
1462029,2,2024-99-1,2024-99,,2,2,2,1,1,2.3
1462029,2,2024-100-1,2024-100,,2,2,2,4,2,1.8
1462029,2,2024-101-1,2024-101,,2,2,2,2,2,2.1
1462029,2,2024-102-1,2024-102,,2,2,2,2,2,2.1
1462029,2,2024-103-1,2024-103,,2,1,2,2,2,2.2
1462029,2,2024-104-1,2024-104,,2,1,2,3,2,2.0
1462029,2,2025-1-1,2025-1,,2,1,2,1,1,2.2
1462029,2,2025-2-1,2025-2,,2,2,1,1,1,2.1
1462029,2,2025-3-1,2025-3,,2,2,1,2,2,2.3
1462029,2,2025-4-1,2025-4,,2,2,3,1,3,2.1
1462029,2,2025-5-1,2025-5,,2,2,3,3,3,2.0
1462029,2,2025-6-1,2025-6,,2,2,2,1,1,1.6
1462029,2,2025-7-1,2025-7,,1,1,2,3,1,2.0
1462029,2,2025-8-1,2025-8,,3,2,1,1,2,2.1
1462029,2,2025-9-1,2025-9,,2,2,3,2,1,2.3
1462029,2,2025-10-1,2025-10,,2,2,3,2,2,1.9
1462029,2,2025-11-1,2025-11,,2,2,2,4,3,2.0
1462029,2,2025-12-1,2025-12,,2,2,2,3,3,2.2
1462029,2,2025-13-1,2025-13,,1,2,2,2,3,1.9
1462029,2,2025-14-1,2025-14,,3,2,2,2,2,2.1
1462029,2,2025-15-1,2025-15,,2,1,2,2,2,2.1
1462029,2,2025-16-1,2025-16,,3,2,2,2,3,2.4
1462029,2,2025-17-1,2025-17,,2,2,2,2,2,1.9
1462029,2,2025-18-1,2025-18,,2,2,2,2,2,2.0
1462029,2,2025-19-1,2025-19,,3,1,2,2,2,2.0
1462029,2,2025-20-1,2025-20,,2,2,2,2,2,2.0
1462029,2,2025-21-1,2025-21,,3,2,1,2,2,2.4
1462029,2,2025-22-1,2025-22,,2,2,2,2,2,2.2
1462029,2,2025-23-1,2025-23,,2,2,2,2,3,2.0
1462029,2,2025-24-1,2025-24,,2,1,2,2,3,2.0
1462029,2,2025-25-1,2025-25,,2,2,2,2,2,2.2
1462029,2,2025-26-1,2025-26,,2,2,2,2,2,1.9
1462029,2,2025-27-1,2025-27,,1,2,2,2,2,1.9
1462029,2,2025-28-1,2025-28,,2,2,3,2,2,2.1
1462029,2,2025-29-1,2025-29,,1,1,2,2,2,2.3
1462029,2,2025-30-1,2025-30,,2,2,2,1,2,2.1
1462029,2,2025-31-1,2025-31,,1,2,2,2,2,2.0
1462029,2,2025-32-1,2025-32,,3,2,1,2,2,2.1
1462029,2,2025-33-1,2025-33,,1,2,2,2,2,2.1
1462029,2,2025-34-1,2025-34,,3,3,2,2,3,2.2
1462029,2,2025-35-1,2025-35,,2,1,1,2,2,2.4
1462029,2,2025-36-1,2025-36,,2,2,2,2,3,2.1
1462029,2,2025-37-1,2025-37,,2,3,3,2,3,2.1
1462029,2,2025-38-1,2025-38,,2,2,2,2,2,1.8
1462029,2,2025-39-1,2025-39,,2,1,3,3,1,2.4
1462030,2,2024-24-1,2024-24,,2,2,1,1,1,2.1
1462030,2,2024-25-1,2024-25,,2,2,2,2,2,2.2
1462030,2,2024-26-1,2024-26,,2,2,1,2,1,2.2
1462030,2,2024-27-1,2024-27,,3,2,1,3,1,2.0
1462030,2,2024-28-1,2024-28,,2,2,2,2,2,2.0
1462030,2,2024-29-1,2024-29,,2,2,3,3,1,2.2
1462030,2,2024-30-1,2024-30,,2,2,1,1,2,2.2
1462030,2,2024-31-1,2024-31,,2,3,2,1,1,1.8
1462030,2,2024-32-1,2024-32,,3,2,2,2,2,2.4
1462030,2,2024-33-1,2024-33,,2,2,3,2,2,2.1
1462030,2,2024-34-1,2024-34,,2,2,1,4,1,2.3
1462030,2,2024-35-1,2024-35,,1,2,2,2,1,2.1
1462030,2,2024-36-1,2024-36,,3,3,2,2,1,1.9
1462030,2,2024-37-1,2024-37,,2,3,2,2,3,2.2
1462030,2,2024-38-1,2024-38,,1,4,2,2,2,1.7
1462030,2,2024-39-1,2024-39,,2,2,2,1,2,2.0
1462030,2,2024-40-1,2024-40,,2,2,1,3,2,2.0
1462030,2,2024-41-1,2024-41,,3,2,2,1,2,2.0
1462030,2,2024-42-1,2024-42,,3,2,1,2,3,2.2
1462030,2,2024-43-1,2024-43,,2,2,2,2,2,2.4
1462030,2,2024-44-1,2024-44,,2,2,3,2,1,1.8
1462030,2,2024-45-1,2024-45,,1,3,2,1,2,1.7
1462030,2,2024-46-1,2024-46,,2,2,2,3,3,2.3
1462030,2,2024-47-1,2024-47,,2,2,2,1,2,2.1
1462030,2,2024-48-1,2024-48,,3,1,2,2,1,2.4
1462030,2,2024-49-1,2024-49,,1,2,3,1,2,2.0
1462030,2,2024-50-1,2024-50,,2,3,1,2,3,2.3
1462030,2,2024-51-1,2024-51,,2,2,2,3,1,1.9
1462030,2,2024-52-1,2024-52,,2,2,2,2,2,1.9
1462030,2,2024-53-1,2024-53,,2,1,3,2,1,2.1
1462030,2,2024-54-1,2024-54,,2,2,2,2,3,2.5
1462030,2,2024-55-1,2024-55,,2,4,3,2,3,2.1
1462030,2,2024-56-1,2024-56,,1,2,2,2,2,2.1
1462030,2,2024-57-1,2024-57,,2,2,2,2,1,1.7
1462030,2,2024-58-1,2024-58,,2,2,3,3,1,2.0
1462030,2,2024-59-1,2024-59,,1,2,2,2,2,2.6
1462030,2,2024-60-1,2024-60,,1,1,2,3,2,2.1
1462030,2,2024-61-1,2024-61,,2,2,2,2,3,2.5
1462030,2,2024-62-1,2024-62,,1,1,2,1,2,1.9
1462030,2,2024-63-1,2024-63,,2,1,2,2,2,1.9
1462030,2,2024-64-1,2024-64,,2,2,2,2,2,2.3
1462030,2,2024-65-1,2024-65,,3,3,3,3,3,1.9
1462030,2,2024-66-1,2024-66,,2,2,1,2,3,2.0
1462030,2,2024-67-1,2024-67,,2,1,3,3,2,2.2
1462030,2,2024-68-1,2024-68,,2,2,2,2,3,2.3
1462030,2,2024-69-1,2024-69,,2,2,3,2,2,2.0
1462030,2,2024-70-1,2024-70,,2,2,2,2,2,1.8
1462030,2,2024-71-1,2024-71,,2,3,1,2,2,1.7
1462030,2,2024-72-1,2024-72,,2,2,2,2,2,2.1
1462030,2,2024-73-1,2024-73,,2,2,1,1,1,2.0
1462030,2,2024-74-1,2024-74,,2,2,2,1,2,2.3
1462030,2,2024-75-1,2024-75,,2,2,3,1,3,2.2
1462030,2,2024-76-1,2024-76,,2,1,2,2,2,2.0
1462030,2,2024-77-1,2024-77,,2,2,2,2,2,1.8
1462030,2,2024-78-1,2024-78,,2,3,1,2,2,1.8
1462030,2,2024-79-1,2024-79,,2,2,2,3,3,2.1
1462030,2,2024-80-1,2024-80,,2,1,3,3,3,2.1
1462030,2,2024-81-1,2024-81,,2,2,1,1,1,1.9
1462030,2,2024-82-1,2024-82,,2,2,2,3,3,1.9
1462030,2,2024-83-1,2024-83,,2,2,1,1,2,2.2
1462030,2,2024-84-1,2024-84,,2,3,1,3,2,2.1
1462030,2,2024-85-1,2024-85,,3,1,2,2,1,2.3
1462030,2,2024-86-1,2024-86,,3,2,2,3,3,1.8
1462030,2,2024-87-1,2024-87,,2,2,2,3,2,2.2
1462030,2,2024-88-1,2024-88,,2,1,1,1,2,2.1
1462030,2,2024-89-1,2024-89,,3,2,2,1,2,2.2
1462030,2,2024-90-1,2024-90,,2,1,2,2,2,1.8
1462030,2,2024-91-1,2024-91,,2,2,3,2,3,1.9
1462030,2,2024-92-1,2024-92,,2,2,2,2,2,2.1
1462030,2,2024-93-1,2024-93,,2,2,2,1,2,2.1
1462030,2,2024-94-1,2024-94,,3,3,2,2,2,1.7
1462030,2,2024-95-1,2024-95,,2,2,1,1,2,2.2
1462030,2,2024-96-1,2024-96,,1,2,2,2,2,1.8
1462030,2,2024-97-1,2024-97,,2,2,2,1,2,2.0
1462030,2,2024-98-1,2024-98,,2,3,1,3,3,2.2
1462030,2,2024-99-1,2024-99,,3,2,1,2,3,2.0
1462030,2,2024-100-1,2024-100,,2,2,3,2,3,2.4
1462030,2,2024-101-1,2024-101,,2,2,2,1,2,2.2
1462030,2,2024-102-1,2024-102,,2,3,3,2,1,2.4
1462030,2,2024-103-1,2024-103,,1,2,1,2,2,1.8
1462030,2,2024-104-1,2024-104,,1,2,2,3,2,2.2
1462030,2,2025-1-1,2025-1,,2,1,2,3,1,2.3
1462030,2,2025-2-1,2025-2,,2,2,2,1,1,1.7
1462030,2,2025-3-1,2025-3,,2,2,1,2,1,2.1
1462030,2,2025-4-1,2025-4,,1,2,2,2,2,2.1
1462030,2,2025-5-1,2025-5,,1,2,2,3,3,2.1
1462030,2,2025-6-1,2025-6,,3,2,2,1,2,1.9
1462030,2,2025-7-1,2025-7,,1,2,3,2,2,1.9
1462030,2,2025-8-1,2025-8,,2,3,2,2,1,2.2
1462030,2,2025-9-1,2025-9,,2,2,2,2,2,2.5
1462030,2,2025-10-1,2025-10,,2,2,2,2,2,2.2
1462030,2,2025-11-1,2025-11,,2,3,2,2,2,2.1
1462030,2,2025-12-1,2025-12,,2,1,3,3,4,2.3
1462030,2,2025-13-1,2025-13,,3,3,2,2,3,2.1
1462030,2,2025-14-1,2025-14,,1,3,3,1,2,2.1
1462030,2,2025-15-1,2025-15,,2,1,2,2,2,1.8
1462030,2,2025-16-1,2025-16,,3,2,2,2,2,1.9
1462030,2,2025-17-1,2025-17,,1,3,2,2,2,1.8
1462030,2,2025-18-1,2025-18,,3,2,2,4,2,2.3
1462030,2,2025-19-1,2025-19,,2,1,2,3,2,1.8
1462030,2,2025-20-1,2025-20,,3,2,3,2,3,2.0
1462030,2,2025-21-1,2025-21,,1,2,2,2,2,2.3
1462030,2,2025-22-1,2025-22,,1,2,2,2,1,2.3
1462030,2,2025-23-1,2025-23,,1,2,3,3,2,1.9
1462030,2,2025-24-1,2025-24,,1,2,1,1,2,2.2
1462030,2,2025-25-1,2025-25,,2,3,3,2,3,2.1
1462030,2,2025-26-1,2025-26,,2,2,2,2,1,1.7
1462030,2,2025-27-1,2025-27,,2,2,3,1,3,2.0
1462030,2,2025-28-1,2025-28,,3,2,2,2,2,2.3
1462030,2,2025-29-1,2025-29,,1,3,2,2,2,2.2
1462030,2,2025-30-1,2025-30,,1,2,2,2,2,2.2
1462030,2,2025-31-1,2025-31,,3,2,1,2,1,1.9
1462030,2,2025-32-1,2025-32,,3,2,1,2,3,1.9
1462030,2,2025-33-1,2025-33,,3,2,2,2,1,1.8
1462030,2,2025-34-1,2025-34,,2,3,2,4,2,2.1
1462030,2,2025-35-1,2025-35,,2,2,2,1,3,1.8
1462030,2,2025-36-1,2025-36,,2,2,3,2,3,2.1
1462030,2,2025-37-1,2025-37,,3,3,2,2,2,1.9
1462030,2,2025-38-1,2025-38,,2,2,3,1,2,2.1
1462030,2,2025-39-1,2025-39,,2,2,2,2,1,2.2
1462026,3,2025-40-1,2025-40,,3,2,3,2,2,1.8
1462026,3,2025-41-1,2025-41,,1,1,1,2,1,2.2
1462026,3,2025-42-1,2025-42,,1,2,2,2,3,2.0
1462026,3,2025-43-1,2025-43,,1,3,1,2,2,1.8
1462026,3,2025-44-1,2025-44,,2,1,3,2,2,2.0
1462026,3,2025-45-1,2025-45,,1,2,1,2,1,2.1
1462026,3,2025-46-1,2025-46,,3,2,1,2,2,2.1
1462026,3,2025-47-1,2025-47,,3,3,3,3,2,2.3
1462026,3,2025-48-1,2025-48,,3,2,2,3,3,2.2
1462026,3,2025-49-1,2025-49,,3,2,3,3,1,2.3
1462026,3,2025-50-1,2025-50,,2,2,2,2,2,2.1
1462026,3,2025-51-1,2025-51,,1,2,2,2,2,2.0
1462026,3,2025-52-1,2025-52,,2,2,2,3,2,2.3
1462026,3,2025-53-1,2025-53,,2,2,2,1,2,2.2
1462026,3,2025-54-1,2025-54,,1,2,2,2,2,2.0
1462026,3,2025-55-1,2025-55,,3,2,2,3,3,2.0
1462026,3,2025-56-1,2025-56,,2,2,1,1,2,2.2
1462026,3,2025-57-1,2025-57,,2,1,2,2,2,2.1
1462026,3,2025-58-1,2025-58,,1,2,2,3,1,1.8
1462026,3,2025-59-1,2025-59,,3,2,2,2,2,2.4
1462026,3,2025-60-1,2025-60,,3,1,2,2,2,2.0
1462026,3,2025-61-1,2025-61,,3,2,3,1,2,2.1
1462026,3,2025-62-1,2025-62,,1,3,4,2,2,2.1
1462026,3,2025-63-1,2025-63,,2,1,1,2,2,2.4
1462026,3,2025-64-1,2025-64,,2,3,2,2,1,1.9
1462026,3,2025-65-1,2025-65,,2,2,2,2,2,2.0
1462026,3,2025-66-1,2025-66,,3,2,1,2,4,1.9
1462026,3,2025-67-1,2025-67,,3,2,2,3,3,2.1
1462026,3,2025-68-1,2025-68,,2,3,2,1,2,2.3
1462026,3,2025-69-1,2025-69,,2,2,2,2,3,2.3
1462026,3,2025-70-1,2025-70,,2,2,2,1,1,2.0
1462026,3,2025-71-1,2025-71,,2,2,3,3,2,2.2
1462026,3,2025-72-1,2025-72,,2,3,2,2,3,2.2
1462026,3,2025-73-1,2025-73,,3,2,2,2,3,2.2
1462026,3,2025-74-1,2025-74,,1,2,2,1,3,1.8
1462026,3,2025-75-1,2025-75,,2,1,2,3,1,1.9
1462026,3,2025-76-1,2025-76,,2,2,2,2,1,1.9
1462026,3,2025-77-1,2025-77,,2,2,3,3,2,2.5
1462026,3,2025-78-1,2025-78,,2,2,2,1,1,2.2
1462026,3,2025-79-1,2025-79,,1,2,3,3,2,2.2
1462026,3,2025-80-1,2025-80,,2,2,1,1,2,2.2
1462026,3,2025-81-1,2025-81,,2,2,1,1,2,1.9
1462026,3,2025-82-1,2025-82,,2,2,2,1,2,2.2
1462026,3,2025-83-1,2025-83,,2,2,2,4,3,1.9
1462026,3,2025-84-1,2025-84,,3,2,1,2,1,2.3
1462026,3,2025-85-1,2025-85,,2,3,2,2,1,1.7
1462026,3,2025-86-1,2025-86,,2,1,2,1,2,2.0
1462026,3,2025-87-1,2025-87,,2,1,2,2,3,2.2
1462026,3,2025-88-1,2025-88,,1,2,2,2,3,1.9
1462026,3,2025-89-1,2025-89,,1,2,4,2,2,2.0
1462026,3,2025-90-1,2025-90,,2,1,1,2,1,1.8
1462026,3,2025-91-1,2025-91,,1,2,1,2,2,2.0
1462026,3,2025-92-1,2025-92,,3,2,1,2,2,1.9
1462026,3,2025-93-1,2025-93,,2,2,1,1,3,2.1
1462026,3,2025-94-1,2025-94,,3,1,3,2,2,2.0
1462026,3,2025-95-1,2025-95,,2,2,3,1,1,2.3
1462026,3,2025-96-1,2025-96,,2,1,3,3,2,1.8
1462026,3,2025-97-1,2025-97,,2,1,1,2,2,2.1
1462026,3,2025-98-1,2025-98,,1,3,1,1,2,2.2
1462026,3,2025-99-1,2025-99,,1,2,2,3,2,2.1
1462026,3,2025-100-1,2025-100,,2,2,2,1,2,2.0
1462026,3,2025-101-1,2025-101,,2,2,2,2,1,2.0
1462026,3,2025-102-1,2025-102,,2,2,3,2,2,2.1
1462026,3,2025-103-1,2025-103,,1,2,2,3,3,2.1
1462026,3,2025-104-1,2025-104,,2,3,2,1,2,2.2
1462026,3,2025-105-1,2025-105,,3,3,3,2,3,1.9
1462026,3,2026-0-1,2026-0,2026-01-04,2,2,1,4,3,1.8
1462026,3,2026-1-1,2026-1,2026-01-08,2,1,3,2,2,1.8
1462026,3,2026-2-1,2026-2,2026-01-11,1,2,3,2,2,2.1
1462026,3,2026-3-1,2026-3,2026-01-15,2,2,2,3,2,2.1
1462026,3,2026-4-1,2026-4,2026-01-18,2,3,3,2,2,2.2
1462026,3,2026-5-1,2026-5,2026-01-22,1,2,2,2,2,2.2
1462026,3,2026-6-1,2026-6,2026-01-25,2,2,2,1,1,2.2
1462026,3,2026-7-1,2026-7,2026-01-29,2,2,2,2,2,2.2
1462026,3,2026-8-1,2026-8,2026-02-01,2,2,2,2,1,2.3
1462026,3,2026-9-1,2026-9,2026-02-05,3,2,1,2,2,2.1
1462026,3,2026-10-1,2026-10,2026-02-08,2,2,2,2,2,2.1
1462026,3,2026-11-1,2026-11,2026-02-12,2,1,2,3,2,2.5
1462026,3,2026-12-1,2026-12,2026-02-15,2,2,1,4,2,2.1
1462026,3,2026-13-1,2026-13,2026-02-19,1,2,1,2,2,2.0
1462026,3,2026-14-1,2026-14,2026-02-22,2,2,2,1,2,2.1
1462026,3,2026-15-1,2026-15,2026-02-26,2,2,3,3,3,1.9
1462026,3,2026-16-1,2026-16,2026-03-01,3,1,2,3,2,2.3
1462026,3,2026-17-1,2026-17,2026-03-05,1,3,2,2,2,1.9
1462026,3,2026-18-1,2026-18,2026-03-08,1,1,1,2,3,2.4
1462026,3,2026-19-1,2026-19,2026-03-12,2,2,2,3,3,1.9
1462026,3,2026-20-1,2026-20,2026-03-15,2,1,2,1,2,2.2
1462026,3,2026-21-1,2026-21,2026-03-19,2,1,3,3,3,2.1
1462026,3,2026-22-1,2026-22,2026-03-22,1,2,2,2,2,1.9
1462026,3,2026-23-1,2026-23,2026-03-26,1,1,2,3,2,1.9
1462026,3,2026-24-1,2026-24,2026-03-29,1,2,1,2,2,2.1
1462026,3,2026-25-1,2026-25,2026-04-02,2,1,2,3,2,2.2
1462026,3,2026-26-1,2026-26,2026-04-05,1,3,2,1,2,1.9
1462026,3,2026-27-1,2026-27,2026-04-09,2,3,1,2,2,1.7
1462026,3,2026-28-1,2026-28,2026-04-12,2,3,2,2,2,1.7
1462026,3,2026-29-1,2026-29,2026-04-16,1,2,2,3,2,2.1
1462026,3,2026-30-1,2026-30,2026-04-19,3,2,2,1,2,2.2
1462026,3,2026-31-1,2026-31,2026-04-23,2,2,2,2,1,2.4
1462026,3,2026-32-1,2026-32,2026-04-26,2,2,2,2,2,1.9
1462026,3,2026-33-1,2026-33,2026-04-30,3,2,3,2,2,2.4
1462026,3,2026-34-1,2026-34,2026-05-03,2,1,3,1,2,2.1
1462026,3,2026-35-1,2026-35,2026-05-07,3,2,2,1,4,2.5
1462026,3,2026-36-1,2026-36,2026-05-10,1,2,3,2,2,2.2
1462026,3,2026-37-1,2026-37,2026-05-14,2,1,2,2,2,2.0
1462026,3,2026-38-1,2026-38,2026-05-17,1,2,1,1,1,2.3
1462026,3,2026-39-1,2026-39,2026-05-21,2,2,2,3,2,1.9
1462026,3,2026-40-1,2026-40,2026-05-24,3,1,2,1,3,2.4
1462026,3,2026-41-1,2026-41,2026-05-28,3,3,1,1,2,2.1
1462026,3,2026-42-1,2026-42,2026-05-31,2,2,1,2,3,2.0
1462026,3,2026-43-1,2026-43,2026-06-04,2,2,2,3,3,2.1
1462026,3,2026-44-1,2026-44,2026-06-07,2,3,3,1,2,2.3
1462026,3,2026-45-1,2026-45,2026-06-11,2,2,2,2,2,2.3
1462026,3,2026-46-1,2026-46,2026-06-14,2,2,1,1,1,2.0
1462026,3,2026-47-1,2026-47,2026-06-18,2,2,2,2,1,1.8
1462026,3,2026-48-1,2026-48,2026-06-21,1,2,2,2,2,2.2
1462026,3,2026-49-1,2026-49,2026-06-25,2,3,1,2,2,2.4
1462026,3,2026-50-1,2026-50,2026-06-28,2,3,2,2,3,2.0
1462026,3,2026-51-1,2026-51,2026-07-02,3,2,1,2,2,2.1
1462026,3,2026-52-1,2026-52,2026-07-05,2,4,2,2,3,2.0
1462026,3,2026-53-1,2026-53,2026-07-09,3,2,3,3,2,2.1
1462027,3,2025-40-1,2025-40,,3,3,2,2,2,2.2
1462027,3,2025-41-1,2025-41,,2,2,2,2,2,2.3
1462027,3,2025-42-1,2025-42,,0,2,2,1,2,2.1
1462027,3,2025-43-1,2025-43,,3,2,1,2,2,2.1
1462027,3,2025-44-1,2025-44,,2,1,3,3,2,2.4
1462027,3,2025-45-1,2025-45,,2,2,2,1,1,2.3
1462027,3,2025-46-1,2025-46,,1,1,2,2,2,1.9
1462027,3,2025-47-1,2025-47,,2,2,3,4,2,2.0
1462027,3,2025-48-1,2025-48,,3,2,3,3,3,1.9
1462027,3,2025-49-1,2025-49,,2,2,3,2,1,2.2
1462027,3,2025-50-1,2025-50,,3,3,2,3,1,2.1
1462027,3,2025-51-1,2025-51,,3,2,3,2,2,1.9
1462027,3,2025-52-1,2025-52,,2,2,3,2,3,2.0
1462027,3,2025-53-1,2025-53,,3,3,1,2,3,1.7
1462027,3,2025-54-1,2025-54,,3,3,2,2,2,1.8
1462027,3,2025-55-1,2025-55,,3,3,2,3,1,2.0
1462027,3,2025-56-1,2025-56,,2,3,2,2,2,2.2
1462027,3,2025-57-1,2025-57,,2,2,2,2,2,2.1
1462027,3,2025-58-1,2025-58,,3,1,3,2,1,2.2
1462027,3,2025-59-1,2025-59,,2,1,2,2,2,2.1
1462027,3,2025-60-1,2025-60,,3,2,2,3,2,2.2
1462027,3,2025-61-1,2025-61,,1,3,2,2,4,1.8
1462027,3,2025-62-1,2025-62,,2,2,3,3,2,2.4
1462027,3,2025-63-1,2025-63,,2,1,1,2,2,2.0
1462027,3,2025-64-1,2025-64,,2,2,2,2,2,2.0
1462027,3,2025-65-1,2025-65,,2,2,2,2,2,2.4
1462027,3,2025-66-1,2025-66,,2,2,1,2,1,2.2
1462027,3,2025-67-1,2025-67,,3,2,3,3,2,2.0
1462027,3,2025-68-1,2025-68,,1,2,1,2,2,2.0
1462027,3,2025-69-1,2025-69,,1,2,2,2,2,2.2
1462027,3,2025-70-1,2025-70,,2,1,2,3,2,1.9
1462027,3,2025-71-1,2025-71,,2,2,2,2,2,2.1
1462027,3,2025-72-1,2025-72,,2,2,2,2,2,2.2
1462027,3,2025-73-1,2025-73,,3,2,2,2,2,2.0
1462027,3,2025-74-1,2025-74,,2,2,2,2,1,1.9
1462027,3,2025-75-1,2025-75,,3,2,2,2,3,1.9
1462027,3,2025-76-1,2025-76,,2,2,2,2,1,2.0
1462027,3,2025-77-1,2025-77,,3,2,3,3,1,2.1
1462027,3,2025-78-1,2025-78,,1,2,1,2,2,2.0
1462027,3,2025-79-1,2025-79,,1,1,3,2,1,2.2
1462027,3,2025-80-1,2025-80,,3,2,1,1,1,2.4
1462027,3,2025-81-1,2025-81,,3,1,1,1,1,2.3
1462027,3,2025-82-1,2025-82,,2,2,1,2,2,1.9
1462027,3,2025-83-1,2025-83,,1,2,3,3,2,2.2
1462027,3,2025-84-1,2025-84,,2,2,3,1,2,1.9
1462027,3,2025-85-1,2025-85,,2,2,2,2,2,1.9
1462027,3,2025-86-1,2025-86,,1,1,2,2,2,2.4
1462027,3,2025-87-1,2025-87,,2,2,3,2,3,2.0
1462027,3,2025-88-1,2025-88,,2,2,2,2,1,2.4
1462027,3,2025-89-1,2025-89,,4,2,4,2,2,2.0
1462027,3,2025-90-1,2025-90,,1,1,2,2,2,2.0
1462027,3,2025-91-1,2025-91,,2,1,2,2,1,2.0
1462027,3,2025-92-1,2025-92,,2,3,3,1,2,2.2
1462027,3,2025-93-1,2025-93,,2,1,2,2,2,1.6
1462027,3,2025-94-1,2025-94,,2,2,2,2,2,2.1
1462027,3,2025-95-1,2025-95,,2,2,1,1,2,2.1
1462027,3,2025-96-1,2025-96,,2,1,2,2,2,2.2
1462027,3,2025-97-1,2025-97,,2,2,2,2,2,2.1
1462027,3,2025-98-1,2025-98,,2,1,2,2,2,2.3
1462027,3,2025-99-1,2025-99,,3,1,1,2,2,2.1
1462027,3,2025-100-1,2025-100,,2,1,2,2,2,2.0
1462027,3,2025-101-1,2025-101,,2,2,2,2,3,2.1
1462027,3,2025-102-1,2025-102,,3,2,2,2,3,1.7
1462027,3,2025-103-1,2025-103,,3,2,2,2,1,1.9
1462027,3,2025-104-1,2025-104,,2,2,1,2,1,2.4
1462027,3,2025-105-1,2025-105,,2,2,1,2,2,2.2
1462027,3,2026-0-1,2026-0,2026-01-04,3,2,3,3,2,2.2
1462027,3,2026-1-1,2026-1,2026-01-08,1,2,2,2,1,2.0
1462027,3,2026-2-1,2026-2,2026-01-11,3,2,2,3,1,1.9
1462027,3,2026-3-1,2026-3,2026-01-15,1,2,2,2,1,2.3
1462027,3,2026-4-1,2026-4,2026-01-18,2,2,2,2,2,2.1
1462027,3,2026-5-1,2026-5,2026-01-22,1,2,2,2,2,1.9
1462027,3,2026-6-1,2026-6,2026-01-25,2,2,2,1,2,2.0
1462027,3,2026-7-1,2026-7,2026-01-29,2,2,3,2,2,2.1
1462027,3,2026-8-1,2026-8,2026-02-01,2,1,1,2,2,2.1
1462027,3,2026-9-1,2026-9,2026-02-05,2,2,3,2,2,2.1
1462027,3,2026-10-1,2026-10,2026-02-08,2,2,2,2,1,2.1
1462027,3,2026-11-1,2026-11,2026-02-12,3,1,2,2,2,2.0
1462027,3,2026-12-1,2026-12,2026-02-15,1,3,2,3,2,2.0
1462027,3,2026-13-1,2026-13,2026-02-19,3,2,2,2,3,2.3
1462027,3,2026-14-1,2026-14,2026-02-22,3,1,3,2,1,2.1
1462027,3,2026-15-1,2026-15,2026-02-26,3,2,2,3,3,2.2
1462027,3,2026-16-1,2026-16,2026-03-01,2,2,3,2,2,2.2
1462027,3,2026-17-1,2026-17,2026-03-05,2,3,2,2,3,2.1
1462027,3,2026-18-1,2026-18,2026-03-08,3,3,2,2,2,2.1
1462027,3,2026-19-1,2026-19,2026-03-12,2,2,2,1,3,1.8
1462027,3,2026-20-1,2026-20,2026-03-15,3,2,2,1,1,1.9
1462027,3,2026-21-1,2026-21,2026-03-19,1,2,2,3,3,2.3
1462027,3,2026-22-1,2026-22,2026-03-22,1,2,3,1,2,2.1
1462027,3,2026-23-1,2026-23,2026-03-26,1,2,2,3,2,2.1
1462027,3,2026-24-1,2026-24,2026-03-29,2,2,2,2,2,2.1
1462027,3,2026-25-1,2026-25,2026-04-02,3,1,2,3,3,1.9
1462027,3,2026-26-1,2026-26,2026-04-05,2,4,1,1,2,1.7
1462027,3,2026-27-1,2026-27,2026-04-09,3,2,2,1,2,1.9
1462027,3,2026-28-1,2026-28,2026-04-12,3,2,1,1,2,2.0
1462027,3,2026-29-1,2026-29,2026-04-16,2,2,3,2,2,2.2
1462027,3,2026-30-1,2026-30,2026-04-19,3,1,2,1,1,2.2
1462027,3,2026-31-1,2026-31,2026-04-23,2,2,2,2,3,2.0
1462027,3,2026-32-1,2026-32,2026-04-26,1,3,2,2,3,1.9
1462027,3,2026-33-1,2026-33,2026-04-30,3,2,1,1,2,1.9
1462027,3,2026-34-1,2026-34,2026-05-03,3,2,3,3,2,2.1
1462027,3,2026-35-1,2026-35,2026-05-07,2,3,2,1,1,2.5
1462027,3,2026-36-1,2026-36,2026-05-10,2,3,3,3,2,1.9
1462027,3,2026-37-1,2026-37,2026-05-14,1,2,1,2,2,2.1
1462027,3,2026-38-1,2026-38,2026-05-17,1,1,1,1,1,2.0
1462027,3,2026-39-1,2026-39,2026-05-21,2,1,2,2,3,2.1
1462027,3,2026-40-1,2026-40,2026-05-24,3,2,2,1,2,2.5
1462027,3,2026-41-1,2026-41,2026-05-28,2,1,1,1,1,2.1
1462027,3,2026-42-1,2026-42,2026-05-31,3,2,1,2,3,2.3
1462027,3,2026-43-1,2026-43,2026-06-04,2,3,3,4,3,2.1
1462027,3,2026-44-1,2026-44,2026-06-07,3,1,3,2,3,2.1
1462027,3,2026-45-1,2026-45,2026-06-11,2,2,2,2,2,2.1
1462027,3,2026-46-1,2026-46,2026-06-14,2,2,1,1,3,1.9
1462027,3,2026-47-1,2026-47,2026-06-18,3,3,2,3,2,2.0
1462027,3,2026-48-1,2026-48,2026-06-21,1,1,2,2,2,2.1
1462027,3,2026-49-1,2026-49,2026-06-25,2,3,2,4,3,1.9
1462027,3,2026-50-1,2026-50,2026-06-28,2,2,3,2,3,1.9
1462027,3,2026-51-1,2026-51,2026-07-02,3,2,2,3,2,1.7
1462027,3,2026-52-1,2026-52,2026-07-05,2,3,3,3,2,2.1
1462027,3,2026-53-1,2026-53,2026-07-09,2,2,2,4,2,1.9
1462028,3,2025-40-1,2025-40,,2,2,1,1,1,1.9
1462028,3,2025-41-1,2025-41,,2,2,1,2,2,1.8
1462028,3,2025-42-1,2025-42,,2,2,1,1,2,2.0
1462028,3,2025-43-1,2025-43,,2,2,3,2,1,2.1
1462028,3,2025-44-1,2025-44,,1,1,3,3,1,2.0
1462028,3,2025-45-1,2025-45,,1,2,2,1,2,2.3
1462028,3,2025-46-1,2025-46,,2,2,2,2,2,2.1
1462028,3,2025-47-1,2025-47,,3,2,3,2,2,2.0
1462028,3,2025-48-1,2025-48,,2,1,3,2,2,2.4
1462028,3,2025-49-1,2025-49,,2,3,3,2,3,2.1
1462028,3,2025-50-1,2025-50,,2,2,2,2,1,2.1
1462028,3,2025-51-1,2025-51,,2,2,3,2,2,2.0
1462028,3,2025-52-1,2025-52,,1,2,2,3,2,2.0
1462028,3,2025-53-1,2025-53,,2,2,3,1,2,2.0
1462028,3,2025-54-1,2025-54,,3,2,2,3,2,2.3
1462028,3,2025-55-1,2025-55,,2,4,3,2,2,2.0
1462028,3,2025-56-1,2025-56,,3,2,3,1,1,1.9
1462028,3,2025-57-1,2025-57,,2,2,2,3,1,2.1
1462028,3,2025-58-1,2025-58,,1,1,2,1,2,2.3
1462028,3,2025-59-1,2025-59,,2,1,2,2,2,2.3
1462028,3,2025-60-1,2025-60,,2,1,1,3,3,1.9
1462028,3,2025-61-1,2025-61,,3,3,2,3,2,2.2
1462028,3,2025-62-1,2025-62,,4,2,2,2,2,1.9
1462028,3,2025-63-1,2025-63,,1,3,2,1,2,1.9
1462028,3,2025-64-1,2025-64,,3,2,2,3,2,2.0
1462028,3,2025-65-1,2025-65,,2,3,2,2,2,1.9
1462028,3,2025-66-1,2025-66,,3,2,1,2,2,2.2
1462028,3,2025-67-1,2025-67,,2,2,3,2,2,2.2
1462028,3,2025-68-1,2025-68,,3,2,2,2,2,2.0
1462028,3,2025-69-1,2025-69,,2,1,1,1,1,2.2
1462028,3,2025-70-1,2025-70,,2,1,2,2,2,2.2
1462028,3,2025-71-1,2025-71,,2,2,2,2,2,2.2
1462028,3,2025-72-1,2025-72,,2,3,2,2,2,2.1
1462028,3,2025-73-1,2025-73,,3,2,2,2,3,2.1
1462028,3,2025-74-1,2025-74,,1,2,1,3,2,2.2
1462028,3,2025-75-1,2025-75,,2,2,2,2,1,2.0
1462028,3,2025-76-1,2025-76,,1,2,2,2,1,1.9
1462028,3,2025-77-1,2025-77,,2,2,2,1,2,1.7
1462028,3,2025-78-1,2025-78,,2,2,3,2,2,2.1
1462028,3,2025-79-1,2025-79,,1,1,3,3,3,2.1
1462028,3,2025-80-1,2025-80,,2,2,1,1,1,2.1
1462028,3,2025-81-1,2025-81,,2,2,2,1,2,2.2
1462028,3,2025-82-1,2025-82,,2,3,2,2,2,1.9
1462028,3,2025-83-1,2025-83,,1,2,2,2,2,1.7
1462028,3,2025-84-1,2025-84,,2,2,2,2,2,1.9
1462028,3,2025-85-1,2025-85,,2,3,3,2,1,2.4
1462028,3,2025-86-1,2025-86,,2,2,2,2,2,1.8
1462028,3,2025-87-1,2025-87,,2,2,2,2,3,1.6
1462028,3,2025-88-1,2025-88,,2,3,2,1,1,2.1
1462028,3,2025-89-1,2025-89,,2,1,2,2,1,2.4
1462028,3,2025-90-1,2025-90,,2,2,2,1,2,2.2
1462028,3,2025-91-1,2025-91,,1,2,1,2,2,1.9
1462028,3,2025-92-1,2025-92,,2,2,1,3,1,1.9
1462028,3,2025-93-1,2025-93,,2,3,2,3,1,2.0
1462028,3,2025-94-1,2025-94,,1,1,2,2,2,2.4
1462028,3,2025-95-1,2025-95,,1,3,2,3,1,1.8
1462028,3,2025-96-1,2025-96,,2,2,1,3,3,1.9
1462028,3,2025-97-1,2025-97,,2,2,1,1,2,1.9
1462028,3,2025-98-1,2025-98,,2,1,2,1,1,2.2
1462028,3,2025-99-1,2025-99,,2,2,2,2,2,2.1
1462028,3,2025-100-1,2025-100,,2,2,1,2,1,2.1
1462028,3,2025-101-1,2025-101,,2,2,1,2,2,2.1
1462028,3,2025-102-1,2025-102,,2,2,2,2,2,2.1
1462028,3,2025-103-1,2025-103,,2,1,2,2,2,2.1
1462028,3,2025-104-1,2025-104,,2,4,2,1,1,1.8
1462028,3,2025-105-1,2025-105,,1,2,2,2,2,2.0
1462028,3,2026-0-1,2026-0,2026-01-04,3,2,3,2,2,2.1
1462028,3,2026-1-1,2026-1,2026-01-08,2,1,2,1,3,2.0
1462028,3,2026-2-1,2026-2,2026-01-11,3,2,2,2,2,1.9
1462028,3,2026-3-1,2026-3,2026-01-15,1,3,3,3,3,2.2
1462028,3,2026-4-1,2026-4,2026-01-18,2,2,2,2,2,2.1
1462028,3,2026-5-1,2026-5,2026-01-22,1,2,1,3,3,2.0
1462028,3,2026-6-1,2026-6,2026-01-25,1,2,2,1,2,1.9
1462028,3,2026-7-1,2026-7,2026-01-29,2,1,2,2,2,2.4
1462028,3,2026-8-1,2026-8,2026-02-01,2,2,1,2,2,1.9
1462028,3,2026-9-1,2026-9,2026-02-05,2,1,2,2,2,2.2
1462028,3,2026-10-1,2026-10,2026-02-08,2,2,2,1,2,2.4
1462028,3,2026-11-1,2026-11,2026-02-12,2,2,3,2,2,1.9
1462028,3,2026-12-1,2026-12,2026-02-15,3,2,3,2,2,2.1
1462028,3,2026-13-1,2026-13,2026-02-19,2,3,2,2,3,2.1
1462028,3,2026-14-1,2026-14,2026-02-22,2,3,2,2,2,2.0
1462028,3,2026-15-1,2026-15,2026-02-26,3,2,3,3,3,2.0
1462028,3,2026-16-1,2026-16,2026-03-01,2,2,2,2,2,1.7
1462028,3,2026-17-1,2026-17,2026-03-05,3,3,2,2,3,2.3
1462028,3,2026-18-1,2026-18,2026-03-08,2,2,2,2,3,2.1
1462028,3,2026-19-1,2026-19,2026-03-12,2,2,2,3,3,2.5
1462028,3,2026-20-1,2026-20,2026-03-15,2,2,2,2,2,2.0
1462028,3,2026-21-1,2026-21,2026-03-19,1,1,2,2,4,1.9
1462028,3,2026-22-1,2026-22,2026-03-22,2,3,2,2,2,2.0
1462028,3,2026-23-1,2026-23,2026-03-26,1,2,3,2,1,2.2
1462028,3,2026-24-1,2026-24,2026-03-29,1,2,1,2,3,1.9
1462028,3,2026-25-1,2026-25,2026-04-02,2,2,4,2,3,1.8
1462028,3,2026-26-1,2026-26,2026-04-05,2,3,1,2,1,2.2
1462028,3,2026-27-1,2026-27,2026-04-09,2,2,1,1,1,1.6
1462028,3,2026-28-1,2026-28,2026-04-12,3,1,1,2,2,2.4
1462028,3,2026-29-1,2026-29,2026-04-16,3,3,2,3,3,2.2
1462028,3,2026-30-1,2026-30,2026-04-19,2,1,2,1,1,2.0
1462028,3,2026-31-1,2026-31,2026-04-23,4,1,3,3,2,2.3
1462028,3,2026-32-1,2026-32,2026-04-26,2,3,2,3,2,2.2
1462028,3,2026-33-1,2026-33,2026-04-30,1,2,2,1,1,2.1
1462028,3,2026-34-1,2026-34,2026-05-03,2,2,2,2,1,2.1
1462028,3,2026-35-1,2026-35,2026-05-07,2,3,2,1,2,1.7
1462028,3,2026-36-1,2026-36,2026-05-10,2,2,2,3,3,2.3
1462028,3,2026-37-1,2026-37,2026-05-14,1,1,3,1,2,2.3
1462028,3,2026-38-1,2026-38,2026-05-17,2,2,2,2,2,1.9
1462028,3,2026-39-1,2026-39,2026-05-21,2,2,2,2,1,1.9
1462028,3,2026-40-1,2026-40,2026-05-24,2,2,1,1,3,1.9
1462028,3,2026-41-1,2026-41,2026-05-28,2,2,1,1,1,1.8
1462028,3,2026-42-1,2026-42,2026-05-31,1,2,2,1,2,2.0
1462028,3,2026-43-1,2026-43,2026-06-04,2,3,2,2,3,2.0
1462028,3,2026-44-1,2026-44,2026-06-07,2,3,3,2,2,2.1
1462028,3,2026-45-1,2026-45,2026-06-11,2,2,1,2,3,1.9
1462028,3,2026-46-1,2026-46,2026-06-14,2,2,2,2,2,2.1
1462028,3,2026-47-1,2026-47,2026-06-18,2,2,2,2,2,1.7
1462028,3,2026-48-1,2026-48,2026-06-21,1,1,2,2,2,2.0
1462028,3,2026-49-1,2026-49,2026-06-25,2,3,2,2,1,2.1
1462028,3,2026-50-1,2026-50,2026-06-28,2,2,2,2,2,2.0
1462028,3,2026-51-1,2026-51,2026-07-02,2,3,2,2,3,2.3
1462028,3,2026-52-1,2026-52,2026-07-05,2,2,2,2,4,2.2
1462028,3,2026-53-1,2026-53,2026-07-09,3,2,2,3,2,1.7
1462029,3,2025-40-1,2025-40,,2,2,1,2,2,2.3
1462029,3,2025-41-1,2025-41,,2,2,2,1,2,1.6
1462029,3,2025-42-1,2025-42,,2,2,1,2,2,1.7
1462029,3,2025-43-1,2025-43,,2,2,2,2,1,2.0
1462029,3,2025-44-1,2025-44,,2,1,2,2,2,2.1
1462029,3,2025-45-1,2025-45,,2,1,1,1,3,2.4
1462029,3,2025-46-1,2025-46,,2,4,1,2,3,2.1
1462029,3,2025-47-1,2025-47,,2,1,2,3,1,2.1
1462029,3,2025-48-1,2025-48,,1,2,2,3,3,2.0
1462029,3,2025-49-1,2025-49,,1,2,2,3,1,1.8
1462029,3,2025-50-1,2025-50,,1,2,3,2,2,2.1
1462029,3,2025-51-1,2025-51,,2,2,2,3,2,2.3
1462029,3,2025-52-1,2025-52,,2,3,2,2,3,1.9
1462029,3,2025-53-1,2025-53,,2,2,2,2,2,2.2
1462029,3,2025-54-1,2025-54,,1,3,3,2,2,1.7
1462029,3,2025-55-1,2025-55,,2,1,2,2,2,2.4
1462029,3,2025-56-1,2025-56,,2,1,1,2,2,1.8
1462029,3,2025-57-1,2025-57,,2,2,2,2,1,2.0
1462029,3,2025-58-1,2025-58,,2,1,2,2,1,2.0
1462029,3,2025-59-1,2025-59,,2,2,3,1,2,1.7
1462029,3,2025-60-1,2025-60,,2,1,3,2,2,2.1
1462029,3,2025-61-1,2025-61,,2,2,2,2,2,1.7
1462029,3,2025-62-1,2025-62,,3,2,2,4,2,1.7
1462029,3,2025-63-1,2025-63,,1,2,2,1,2,1.9
1462029,3,2025-64-1,2025-64,,2,3,3,1,3,2.1
1462029,3,2025-65-1,2025-65,,2,2,2,2,2,2.1
1462029,3,2025-66-1,2025-66,,3,2,2,3,2,2.0
1462029,3,2025-67-1,2025-67,,2,2,2,2,2,2.4
1462029,3,2025-68-1,2025-68,,2,3,4,2,2,2.1
1462029,3,2025-69-1,2025-69,,2,1,1,2,1,2.2
1462029,3,2025-70-1,2025-70,,2,1,1,1,2,2.3
1462029,3,2025-71-1,2025-71,,1,4,2,2,2,2.1
1462029,3,2025-72-1,2025-72,,2,2,2,2,2,2.1
1462029,3,2025-73-1,2025-73,,2,2,2,2,2,1.9
1462029,3,2025-74-1,2025-74,,2,2,2,2,3,2.1
1462029,3,2025-75-1,2025-75,,2,2,2,3,1,2.3
1462029,3,2025-76-1,2025-76,,3,2,2,2,1,2.2
1462029,3,2025-77-1,2025-77,,2,2,3,2,2,2.3
1462029,3,2025-78-1,2025-78,,2,2,2,2,2,1.9
1462029,3,2025-79-1,2025-79,,2,2,2,3,2,2.0
1462029,3,2025-80-1,2025-80,,2,3,2,1,2,2.0
1462029,3,2025-81-1,2025-81,,1,2,1,1,2,2.1
1462029,3,2025-82-1,2025-82,,1,1,3,1,2,2.4
1462029,3,2025-83-1,2025-83,,2,1,3,2,3,2.0
1462029,3,2025-84-1,2025-84,,2,3,3,2,2,2.2
1462029,3,2025-85-1,2025-85,,3,2,2,2,2,1.8
1462029,3,2025-86-1,2025-86,,2,1,2,2,2,2.1
1462029,3,2025-87-1,2025-87,,3,2,2,2,3,2.1
1462029,3,2025-88-1,2025-88,,1,3,3,2,2,2.2
1462029,3,2025-89-1,2025-89,,1,1,4,1,1,2.4
1462029,3,2025-90-1,2025-90,,2,2,2,2,2,1.9
1462029,3,2025-91-1,2025-91,,2,1,2,2,1,1.9
1462029,3,2025-92-1,2025-92,,2,2,2,1,2,2.0
1462029,3,2025-93-1,2025-93,,3,1,2,2,2,1.9
1462029,3,2025-94-1,2025-94,,1,1,1,3,2,1.8
1462029,3,2025-95-1,2025-95,,2,3,3,2,3,2.0
1462029,3,2025-96-1,2025-96,,2,1,2,2,2,2.4
1462029,3,2025-97-1,2025-97,,2,1,1,3,3,1.9
1462029,3,2025-98-1,2025-98,,3,2,3,3,2,1.8
1462029,3,2025-99-1,2025-99,,3,2,1,1,2,1.9
1462029,3,2025-100-1,2025-100,,2,1,3,3,2,2.1
1462029,3,2025-101-1,2025-101,,2,4,2,2,2,1.9
1462029,3,2025-102-1,2025-102,,2,1,2,3,2,2.1
1462029,3,2025-103-1,2025-103,,1,2,1,2,2,2.5
1462029,3,2025-104-1,2025-104,,3,1,2,2,2,2.2
1462029,3,2025-105-1,2025-105,,2,2,1,3,2,2.1
1462029,3,2026-0-1,2026-0,2026-01-04,2,1,2,3,3,2.2
1462029,3,2026-1-1,2026-1,2026-01-08,2,2,3,2,2,2.0
1462029,3,2026-2-1,2026-2,2026-01-11,2,2,2,1,2,2.3
1462029,3,2026-3-1,2026-3,2026-01-15,2,2,2,5,2,2.2
1462029,3,2026-4-1,2026-4,2026-01-18,2,2,3,2,3,2.1
1462029,3,2026-5-1,2026-5,2026-01-22,2,3,2,2,1,1.9
1462029,3,2026-6-1,2026-6,2026-01-25,3,2,1,2,2,1.9
1462029,3,2026-7-1,2026-7,2026-01-29,1,1,2,2,2,2.1
1462029,3,2026-8-1,2026-8,2026-02-01,1,2,1,2,3,1.8
1462029,3,2026-9-1,2026-9,2026-02-05,2,2,2,2,2,1.8
1462029,3,2026-10-1,2026-10,2026-02-08,3,2,2,2,2,2.2
1462029,3,2026-11-1,2026-11,2026-02-12,2,2,2,2,2,2.0
1462029,3,2026-12-1,2026-12,2026-02-15,4,2,2,2,3,2.3
1462029,3,2026-13-1,2026-13,2026-02-19,2,2,1,2,2,2.1
1462029,3,2026-14-1,2026-14,2026-02-22,1,3,2,1,1,1.9
1462029,3,2026-15-1,2026-15,2026-02-26,1,2,2,2,3,2.1
1462029,3,2026-16-1,2026-16,2026-03-01,2,2,2,2,4,2.1
1462029,3,2026-17-1,2026-17,2026-03-05,3,2,3,1,3,2.3
1462029,3,2026-18-1,2026-18,2026-03-08,2,3,1,2,2,1.6
1462029,3,2026-19-1,2026-19,2026-03-12,2,2,3,2,2,2.3
1462029,3,2026-20-1,2026-20,2026-03-15,2,2,1,2,2,2.2
1462029,3,2026-21-1,2026-21,2026-03-19,1,2,3,3,2,2.3
1462029,3,2026-22-1,2026-22,2026-03-22,2,3,3,2,2,1.8
1462029,3,2026-23-1,2026-23,2026-03-26,2,2,2,2,2,2.1
1462029,3,2026-24-1,2026-24,2026-03-29,2,2,1,1,2,1.9
1462029,3,2026-25-1,2026-25,2026-04-02,2,2,2,3,2,2.0
1462029,3,2026-26-1,2026-26,2026-04-05,2,2,2,1,2,1.9
1462029,3,2026-27-1,2026-27,2026-04-09,2,2,1,1,2,1.8
1462029,3,2026-28-1,2026-28,2026-04-12,2,2,2,2,2,1.9
1462029,3,2026-29-1,2026-29,2026-04-16,3,3,2,2,3,2.2
1462029,3,2026-30-1,2026-30,2026-04-19,2,1,2,1,2,2.1
1462029,3,2026-31-1,2026-31,2026-04-23,2,1,2,3,2,2.1
1462029,3,2026-32-1,2026-32,2026-04-26,2,2,3,3,2,2.1
1462029,3,2026-33-1,2026-33,2026-04-30,2,1,2,2,3,2.4
1462029,3,2026-34-1,2026-34,2026-05-03,3,1,2,2,1,1.7
1462029,3,2026-35-1,2026-35,2026-05-07,2,3,3,2,2,2.2
1462029,3,2026-36-1,2026-36,2026-05-10,2,1,2,4,2,2.3
1462029,3,2026-37-1,2026-37,2026-05-14,2,2,2,2,2,2.1
1462029,3,2026-38-1,2026-38,2026-05-17,1,3,2,1,2,2.1
1462029,3,2026-39-1,2026-39,2026-05-21,2,2,1,2,2,2.1
1462029,3,2026-40-1,2026-40,2026-05-24,1,1,2,2,1,2.0
1462029,3,2026-41-1,2026-41,2026-05-28,2,1,1,1,2,2.3
1462029,3,2026-42-1,2026-42,2026-05-31,2,1,1,1,1,2.0
1462029,3,2026-43-1,2026-43,2026-06-04,2,3,2,2,4,1.8
1462029,3,2026-44-1,2026-44,2026-06-07,2,2,2,1,2,2.1
1462029,3,2026-45-1,2026-45,2026-06-11,3,2,2,2,2,1.8
1462029,3,2026-46-1,2026-46,2026-06-14,2,2,2,2,2,2.1
1462029,3,2026-47-1,2026-47,2026-06-18,2,1,3,2,2,2.4
1462029,3,2026-48-1,2026-48,2026-06-21,3,3,2,3,2,2.2
1462029,3,2026-49-1,2026-49,2026-06-25,1,3,2,2,3,2.0
1462029,3,2026-50-1,2026-50,2026-06-28,1,4,2,1,2,2.4
1462029,3,2026-51-1,2026-51,2026-07-02,2,3,2,2,2,2.3
1462029,3,2026-52-1,2026-52,2026-07-05,3,3,2,3,3,1.8
1462029,3,2026-53-1,2026-53,2026-07-09,2,3,2,3,2,2.4
1462030,3,2025-40-1,2025-40,,2,3,2,2,1,2.0
1462030,3,2025-41-1,2025-41,,3,3,1,2,2,2.3
1462030,3,2025-42-1,2025-42,,3,2,2,1,2,2.0
1462030,3,2025-43-1,2025-43,,2,1,1,2,2,2.1
1462030,3,2025-44-1,2025-44,,3,1,2,4,2,2.1
1462030,3,2025-45-1,2025-45,,2,2,2,2,2,2.0
1462030,3,2025-46-1,2025-46,,2,3,3,3,3,1.9
1462030,3,2025-47-1,2025-47,,3,2,3,3,2,2.1
1462030,3,2025-48-1,2025-48,,3,1,2,2,2,2.3
1462030,3,2025-49-1,2025-49,,2,3,1,2,2,2.0
1462030,3,2025-50-1,2025-50,,3,3,3,2,2,1.8
1462030,3,2025-51-1,2025-51,,2,2,2,2,3,2.1
1462030,3,2025-52-1,2025-52,,3,2,2,2,2,2.2
1462030,3,2025-53-1,2025-53,,2,2,2,1,2,2.1
1462030,3,2025-54-1,2025-54,,1,2,4,3,3,2.3
1462030,3,2025-55-1,2025-55,,2,1,2,2,2,2.1
1462030,3,2025-56-1,2025-56,,2,2,2,2,2,2.1
1462030,3,2025-57-1,2025-57,,2,2,3,2,2,1.9
1462030,3,2025-58-1,2025-58,,3,2,2,2,1,2.4
1462030,3,2025-59-1,2025-59,,1,2,2,2,1,2.4
1462030,3,2025-60-1,2025-60,,2,2,1,2,1,1.9
1462030,3,2025-61-1,2025-61,,2,3,2,2,3,2.4
1462030,3,2025-62-1,2025-62,,1,2,2,2,2,2.2
1462030,3,2025-63-1,2025-63,,2,3,2,2,2,2.0
1462030,3,2025-64-1,2025-64,,2,3,3,2,3,1.9
1462030,3,2025-65-1,2025-65,,2,3,2,2,2,2.4
1462030,3,2025-66-1,2025-66,,2,2,2,3,2,2.0
1462030,3,2025-67-1,2025-67,,2,2,2,2,2,2.4
1462030,3,2025-68-1,2025-68,,2,2,2,2,2,2.1
1462030,3,2025-69-1,2025-69,,2,2,1,2,2,2.0
1462030,3,2025-70-1,2025-70,,2,0,1,2,2,2.2
1462030,3,2025-71-1,2025-71,,2,2,2,2,2,2.0
1462030,3,2025-72-1,2025-72,,1,3,2,2,2,2.1
1462030,3,2025-73-1,2025-73,,2,2,2,2,2,2.1
1462030,3,2025-74-1,2025-74,,2,2,2,3,2,2.1
1462030,3,2025-75-1,2025-75,,2,2,3,2,2,2.0
1462030,3,2025-76-1,2025-76,,1,2,1,2,2,2.1
1462030,3,2025-77-1,2025-77,,1,1,4,2,3,1.9
1462030,3,2025-78-1,2025-78,,3,2,1,1,3,1.9
1462030,3,2025-79-1,2025-79,,1,2,2,4,2,2.1
1462030,3,2025-80-1,2025-80,,2,1,2,1,2,2.2
1462030,3,2025-81-1,2025-81,,3,1,1,2,2,2.0
1462030,3,2025-82-1,2025-82,,3,3,1,1,2,2.0
1462030,3,2025-83-1,2025-83,,2,2,3,2,2,2.4
1462030,3,2025-84-1,2025-84,,2,2,3,1,2,2.2
1462030,3,2025-85-1,2025-85,,2,2,2,3,3,2.1
1462030,3,2025-86-1,2025-86,,2,2,1,3,2,2.1
1462030,3,2025-87-1,2025-87,,2,2,1,1,2,2.5
1462030,3,2025-88-1,2025-88,,2,2,2,3,3,1.9
1462030,3,2025-89-1,2025-89,,1,2,2,2,2,2.0
1462030,3,2025-90-1,2025-90,,1,2,2,2,2,2.1
1462030,3,2025-91-1,2025-91,,3,2,2,1,2,1.9
1462030,3,2025-92-1,2025-92,,1,2,2,1,2,1.9
1462030,3,2025-93-1,2025-93,,2,1,2,2,1,2.4
1462030,3,2025-94-1,2025-94,,1,1,1,3,1,2.1
1462030,3,2025-95-1,2025-95,,2,2,1,3,2,1.9
1462030,3,2025-96-1,2025-96,,3,1,1,2,1,1.6
1462030,3,2025-97-1,2025-97,,2,1,1,2,3,2.0
1462030,3,2025-98-1,2025-98,,2,1,3,2,2,2.2
1462030,3,2025-99-1,2025-99,,2,1,2,2,2,2.2
1462030,3,2025-100-1,2025-100,,2,1,2,2,2,1.8
1462030,3,2025-101-1,2025-101,,2,2,2,1,2,2.0
1462030,3,2025-102-1,2025-102,,2,1,2,2,2,2.1
1462030,3,2025-103-1,2025-103,,2,1,3,1,2,2.1
1462030,3,2025-104-1,2025-104,,3,2,2,2,1,2.1
1462030,3,2025-105-1,2025-105,,2,2,1,2,2,1.6
1462030,3,2026-0-1,2026-0,2026-01-04,2,2,3,3,2,1.8
1462030,3,2026-1-1,2026-1,2026-01-08,3,2,3,2,2,1.9
1462030,3,2026-2-1,2026-2,2026-01-11,1,2,3,1,1,2.1
1462030,3,2026-3-1,2026-3,2026-01-15,2,2,2,2,3,2.3
1462030,3,2026-4-1,2026-4,2026-01-18,2,3,1,3,2,2.0
1462030,3,2026-5-1,2026-5,2026-01-22,2,2,3,1,2,1.9
1462030,3,2026-6-1,2026-6,2026-01-25,1,3,2,2,2,2.1
1462030,3,2026-7-1,2026-7,2026-01-29,2,3,2,2,3,1.8
1462030,3,2026-8-1,2026-8,2026-02-01,2,1,3,1,2,2.3
1462030,3,2026-9-1,2026-9,2026-02-05,2,2,2,1,1,2.1
1462030,3,2026-10-1,2026-10,2026-02-08,2,2,1,2,2,1.9
1462030,3,2026-11-1,2026-11,2026-02-12,2,1,2,3,1,2.3
1462030,3,2026-12-1,2026-12,2026-02-15,2,2,2,3,2,1.9
1462030,3,2026-13-1,2026-13,2026-02-19,2,2,2,2,2,2.1
1462030,3,2026-14-1,2026-14,2026-02-22,2,2,2,2,1,2.0
1462030,3,2026-15-1,2026-15,2026-02-26,2,3,3,2,3,2.1
1462030,3,2026-16-1,2026-16,2026-03-01,2,2,2,2,1,2.3
1462030,3,2026-17-1,2026-17,2026-03-05,2,3,2,2,3,2.3
1462030,3,2026-18-1,2026-18,2026-03-08,2,2,3,2,2,2.2
1462030,3,2026-19-1,2026-19,2026-03-12,2,2,2,3,2,2.3
1462030,3,2026-20-1,2026-20,2026-03-15,2,3,2,1,2,1.7
1462030,3,2026-21-1,2026-21,2026-03-19,2,2,2,2,2,1.8
1462030,3,2026-22-1,2026-22,2026-03-22,2,3,2,2,3,2.0
1462030,3,2026-23-1,2026-23,2026-03-26,2,1,3,2,1,2.1
1462030,3,2026-24-1,2026-24,2026-03-29,3,2,3,2,2,2.3
1462030,3,2026-25-1,2026-25,2026-04-02,3,2,2,2,1,2.3
1462030,3,2026-26-1,2026-26,2026-04-05,1,2,2,1,1,2.2
1462030,3,2026-27-1,2026-27,2026-04-09,3,4,1,1,2,1.9
1462030,3,2026-28-1,2026-28,2026-04-12,2,2,2,1,2,1.5
1462030,3,2026-29-1,2026-29,2026-04-16,2,2,2,2,3,1.9
1462030,3,2026-30-1,2026-30,2026-04-19,2,2,1,2,1,2.1
1462030,3,2026-31-1,2026-31,2026-04-23,1,2,2,2,1,2.0
1462030,3,2026-32-1,2026-32,2026-04-26,1,1,4,2,2,2.0
1462030,3,2026-33-1,2026-33,2026-04-30,3,2,2,2,2,2.0
1462030,3,2026-34-1,2026-34,2026-05-03,2,2,3,2,1,2.1
1462030,3,2026-35-1,2026-35,2026-05-07,2,2,3,3,2,1.8
1462030,3,2026-36-1,2026-36,2026-05-10,2,2,3,3,1,2.4
1462030,3,2026-37-1,2026-37,2026-05-14,3,1,3,2,1,2.0
1462030,3,2026-38-1,2026-38,2026-05-17,2,2,1,1,2,2.3
1462030,3,2026-39-1,2026-39,2026-05-21,2,2,2,3,2,2.3
1462030,3,2026-40-1,2026-40,2026-05-24,2,2,1,1,2,2.3
1462030,3,2026-41-1,2026-41,2026-05-28,2,2,1,2,1,2.0
1462030,3,2026-42-1,2026-42,2026-05-31,2,2,1,1,2,2.1
1462030,3,2026-43-1,2026-43,2026-06-04,2,2,2,2,2,2.2
1462030,3,2026-44-1,2026-44,2026-06-07,2,3,1,3,1,2.1
1462030,3,2026-45-1,2026-45,2026-06-11,2,3,2,1,2,2.0
1462030,3,2026-46-1,2026-46,2026-06-14,2,2,2,1,3,2.1
1462030,3,2026-47-1,2026-47,2026-06-18,2,2,2,1,3,2.0
1462030,3,2026-48-1,2026-48,2026-06-21,2,2,1,1,1,2.3
1462030,3,2026-49-1,2026-49,2026-06-25,2,2,2,2,2,2.0
1462030,3,2026-50-1,2026-50,2026-06-28,2,3,2,3,3,1.7
1462030,3,2026-51-1,2026-51,2026-07-02,2,1,2,3,1,2.0
1462030,3,2026-52-1,2026-52,2026-07-05,2,3,2,2,3,2.2
1462030,3,2026-53-1,2026-53,2026-07-09,2,2,3,2,2,2.2
